aaa,6.25
aab,6.56
aac,9.73
aad,9.5
aae,5.92
aaf,6.05
aag,9.31
aah,9.08
aai,8.45
aaj,5.67
aak,5.83
aal,8.36
aam,7.78
aan,8.82
aao,9.82
aap,9.73
aaq,7.16
aar,7.73
aas,8.2
aat,9.25
aau,5.57
aav,6.37
aaw,9.29
aax,7.85
aay,6.22
aaz,8.98
aba,7.38
abb,9.57
abc,9.51
abd,8.81
abe,9.33
abf,8.92
abg,7.07
abh,9.93
abi,7.49
abj,9.25
abk,7.45
abl,9.53
abm,5.99
abn,5.66
abo,9.89
abp,9.13
abq,6.85
abr,7.99
abs,7.22
abt,7.91
abu,7.14
abv,8.12
abw,8.14
abx,8.1
aby,5.73
abz,5.43
aca,5.59
acb,5.07
acc,7.82
acd,6.19
ace,7.74
acf,9.5
acg,6.65
ach,5.55
aci,9.87
acj,9.59
ack,6.88
acl,5.67
acm,8.76
acn,8.22
aco,5.3
acp,7.43
acq,5.06
acr,7.8
acs,9.07
act,9.11
acu,8.96
acv,9.45
acw,6.41
acx,9.45
acy,6.92
acz,8.16
ada,7.0
adb,8.71
adc,5.03
add,5.71
ade,9.19
adf,8.19
adg,8.76
adh,6.02
adi,6.0
adj,6.78
adk,8.76
adl,6.76
adm,6.85
adn,7.35
ado,7.37
adp,7.94
adq,9.72
adr,6.62
ads,9.38
adt,6.63
adu,6.86
adv,6.81
adw,5.92
adx,7.96
ady,6.02
adz,7.5
aea,5.7
aeb,6.71
aec,7.74
aed,8.84
aee,9.99
aef,7.81
aeg,6.1
aeh,9.89
aei,8.73
aej,7.98
aek,9.15
ael,6.49
aem,8.08
aen,9.17
aeo,8.42
aep,5.02
aeq,8.72
aer,9.34
aes,6.17
aet,8.24
aeu,8.41
aev,7.82
aew,8.63
aex,8.57
aey,9.45
aez,9.81
afa,7.41
afb,7.15
afc,5.7
afd,7.66
afe,6.11
aff,5.16
afg,8.15
afh,5.45
afi,5.55
afj,7.51
afk,7.92
afl,9.36
afm,5.23
afn,9.97
afo,6.46
afp,8.49
afq,7.91
afr,8.88
afs,9.56
aft,6.42
afu,7.06
afv,9.93
afw,5.6
afx,8.33
afy,5.55
afz,5.45
aga,9.62
agb,8.08
agc,5.77
agd,8.41
age,8.51
agf,6.58
agg,9.18
agh,6.71
agi,8.02
agj,8.41
agk,7.27
agl,7.07
agm,8.69
agn,9.74
ago,7.27
agp,5.88
agq,5.08
agr,8.75
ags,5.53
agt,7.45
agu,7.84
agv,8.32
agw,8.84
agx,8.98
agy,5.36
agz,6.44
aha,9.78
ahb,9.17
ahc,6.62
ahd,8.38
ahe,7.01
ahf,5.71
ahg,6.71
ahh,9.02
ahi,5.04
ahj,6.85
ahk,7.85
ahl,8.88
ahm,8.19
ahn,9.82
aho,8.08
ahp,9.06
ahq,7.39
ahr,8.18
ahs,6.29
aht,5.66
ahu,5.98
ahv,5.31
ahw,8.05
ahx,9.66
ahy,5.32
ahz,6.23
aia,7.09
aib,8.04
aic,7.9
aid,6.27
aie,6.26
aif,5.34
aig,7.23
aih,8.02
aii,5.98
aij,9.68
aik,5.59
ail,7.48
aim,7.48
ain,6.22
aio,5.24
aip,8.1
aiq,5.92
air,9.76
ais,5.96
ait,5.42
aiu,9.79
aiv,9.89
aiw,8.75
aix,5.98
aiy,9.24
aiz,7.8
aja,5.26
ajb,8.82
ajc,6.57
ajd,6.16
aje,7.06
ajf,8.69
ajg,8.05
ajh,5.81
aji,9.72
ajj,5.66
ajk,5.45
ajl,5.11
ajm,8.94
ajn,5.68
ajo,7.41
ajp,5.6
ajq,5.7
ajr,9.17
ajs,8.72
ajt,8.4
aju,8.72
ajv,7.43
ajw,8.43
ajx,7.84
ajy,9.61
ajz,7.86
aka,6.26
akb,6.81
akc,8.85
akd,9.7
ake,7.11
akf,7.55
akg,5.78
akh,5.64
aki,7.62
akj,7.76
akk,6.15
akl,6.13
akm,7.1
akn,9.11
ako,5.69
akp,9.97
akq,9.57
akr,6.11
aks,6.71
akt,6.71
aku,6.04
akv,5.6
akw,9.14
akx,7.85
aky,8.12
akz,6.03
ala,8.15
alb,6.38
alc,5.9
ald,8.97
ale,9.22
alf,7.54
alg,9.86
alh,8.54
ali,5.12
alj,5.94
alk,7.58
all,9.75
alm,6.94
aln,8.35
alo,9.74
alp,7.67
alq,8.91
alr,5.88
als,8.98
alt,9.39
alu,8.8
alv,9.55
alw,5.35
alx,8.56
aly,8.14
alz,9.53
ama,5.69
amb,8.03
amc,7.1
amd,8.19
ame,6.55
amf,9.57
amg,8.43
amh,8.51
ami,9.99
amj,9.75
amk,7.83
aml,6.84
amm,8.89
amn,7.99
amo,9.77
amp,6.82
amq,7.74
amr,6.11
ams,6.42
amt,5.2
amu,6.2
amv,8.0
amw,6.72
amx,8.75
amy,6.4
amz,6.24
ana,6.41
anb,9.93
anc,8.71
and,7.67
ane,8.76
anf,9.31
ang,9.64
anh,7.33
ani,5.07
anj,5.16
ank,8.93
anl,7.67
anm,9.38
ann,7.92
ano,6.5
anp,6.46
anq,9.87
anr,7.0
ans,9.59
ant,9.58
anu,7.65
anv,9.87
anw,9.77
anx,6.52
any,7.97
anz,8.64
aoa,9.03
aob,8.42
aoc,6.31
aod,5.13
aoe,6.55
aof,5.11
aog,9.61
aoh,8.27
aoi,7.45
aoj,7.38
aok,6.8
aol,9.85
aom,5.07
aon,6.01
aoo,7.05
aop,5.1
aoq,5.08
aor,7.24
aos,5.54
aot,9.43
aou,7.89
aov,8.64
aow,6.49
aox,5.5
aoy,6.52
aoz,5.37
apa,8.06
apb,6.68
apc,5.45
apd,8.65
ape,6.71
apf,6.85
apg,8.93
aph,9.7
api,8.32
apj,7.49
apk,9.62
apl,8.54
apm,6.06
apn,6.84
apo,8.57
app,9.03
apq,9.56
apr,9.73
aps,9.19
apt,9.13
apu,5.92
apv,6.28
apw,7.8
apx,6.6
apy,9.03
apz,5.32
aqa,6.17
aqb,6.79
aqc,5.1
aqd,7.93
aqe,7.04
aqf,6.31
aqg,6.14
aqh,7.78
aqi,6.18
aqj,8.59
aqk,5.43
aql,6.75
aqm,8.15
aqn,8.67
aqo,9.52
aqp,7.55
aqq,7.8
aqr,8.75
aqs,6.12
aqt,9.46
aqu,6.62
aqv,5.01
aqw,8.0
aqx,8.37
aqy,7.48
aqz,5.77
ara,6.24
arb,7.21
arc,7.32
ard,9.5
are,5.84
arf,7.77
arg,6.2
arh,6.21
ari,9.28
arj,6.67
ark,5.46
arl,5.33
arm,8.16
arn,6.34
aro,9.72
arp,9.05
arq,9.62
arr,9.42
ars,5.07
art,9.06
aru,9.86
arv,6.13
arw,8.69
arx,9.71
ary,9.47
arz,8.37
asa,8.71
asb,9.14
asc,6.81
asd,7.31
ase,5.47
asf,6.24
asg,9.55
ash,8.94
asi,8.81
asj,5.67
ask,8.96
asl,5.56
asm,6.33
asn,9.75
aso,5.99
asp,5.23
asq,6.67
asr,5.57
ass,8.38
ast,9.18
asu,7.08
asv,5.17
asw,8.0
asx,5.27
asy,9.02
asz,6.28
ata,6.47
atb,8.56
atc,8.45
atd,9.78
ate,6.97
atf,9.59
atg,6.34
ath,5.4
ati,5.32
atj,5.64
atk,7.74
atl,8.19
atm,5.72
atn,7.18
ato,9.01
atp,9.69
atq,5.66
atr,8.51
ats,8.14
att,6.39
atu,5.16
atv,9.22
atw,6.15
atx,9.1
aty,5.09
atz,9.83
aua,9.2
aub,9.22
auc,5.9
aud,7.7
aue,8.25
auf,7.51
aug,9.78
auh,9.9
aui,8.3
auj,8.91
auk,9.63
aul,8.23
aum,7.67
aun,5.25
auo,5.11
aup,9.27
auq,9.03
aur,8.99
aus,7.12
aut,9.26
auu,7.08
auv,6.74
auw,7.41
aux,8.93
auy,9.27
auz,9.05
ava,5.77
avb,7.93
avc,5.62
avd,5.01
ave,7.41
avf,7.65
avg,7.56
avh,9.13
avi,6.96
avj,8.47
avk,9.95
avl,6.48
avm,8.19
avn,7.34
avo,9.54
avp,7.89
avq,8.03
avr,9.59
avs,9.59
avt,6.33
avu,9.71
avv,8.1
avw,6.41
avx,5.02
avy,6.55
avz,9.81
awa,9.11
awb,6.93
awc,7.44
awd,7.56
awe,9.02
awf,5.07
awg,9.23
awh,7.65
awi,5.14
awj,9.17
awk,9.88
awl,5.54
awm,5.49
awn,7.31
awo,6.05
awp,7.88
awq,5.25
awr,7.04
aws,7.29
awt,8.24
awu,7.61
awv,9.35
aww,7.19
awx,7.0
awy,7.13
awz,6.32
axa,9.99
axb,7.87
axc,9.55
axd,6.51
axe,9.06
axf,5.44
axg,5.41
axh,6.64
axi,6.25
axj,7.84
axk,6.52
axl,5.65
axm,7.71
axn,6.17
axo,8.41
axp,7.19
axq,9.72
axr,8.65
axs,10.0
axt,5.67
axu,7.13
axv,8.18
axw,7.61
axx,5.92
axy,5.8
axz,6.63
aya,8.99
ayb,6.21
ayc,8.31
ayd,9.86
aye,7.14
ayf,8.97
ayg,7.51
ayh,6.83
ayi,7.14
ayj,8.74
ayk,6.14
ayl,5.38
aym,7.85
ayn,9.77
ayo,7.97
ayp,7.33
ayq,6.72
ayr,8.17
ays,9.57
ayt,9.36
ayu,5.91
ayv,6.25
ayw,5.33
ayx,7.25
ayy,5.66
ayz,6.71
aza,7.87
azb,5.33
azc,8.09
azd,6.8
aze,9.38
azf,6.09
azg,7.33
azh,7.7
azi,5.31
azj,8.02
azk,7.63
azl,5.62
azm,5.78
azn,6.72
azo,7.89
azp,7.92
azq,7.84
azr,7.12
azs,5.05
azt,8.23
azu,7.53
azv,5.37
azw,5.38
azx,8.07
azy,6.09
azz,6.59
baa,5.57
bab,9.75
bac,6.22
bad,5.98
bae,9.1
baf,5.98
bag,6.18
bah,7.97
bai,7.52
baj,8.95
bak,6.94
bal,5.62
bam,6.51
ban,7.36
bao,9.54
bap,5.94
baq,9.34
bar,8.92
bas,5.38
bat,9.53
bau,8.49
bav,6.09
baw,8.79
bax,5.54
bay,7.65
baz,5.83
bba,5.31
bbb,8.37
bbc,8.46
bbd,6.03
bbe,6.16
bbf,5.09
bbg,6.61
bbh,6.07
bbi,9.29
bbj,7.82
bbk,7.21
bbl,8.33
bbm,7.25
bbn,7.51
bbo,7.73
bbp,7.97
bbq,5.37
bbr,8.11
bbs,8.24
bbt,8.8
bbu,9.96
bbv,5.97
bbw,8.07
bbx,6.81
bby,5.84
bbz,5.52
bca,5.58
bcb,5.28
bcc,7.56
bcd,8.71
bce,8.67
bcf,6.6
bcg,9.97
bch,8.59
bci,6.78
bcj,7.76
bck,7.33
bcl,8.07
bcm,8.43
bcn,8.77
bco,5.29
bcp,9.66
bcq,8.02
bcr,6.34
bcs,6.63
bct,7.85
bcu,6.56
bcv,5.8
bcw,6.15
bcx,8.68
bcy,7.7
bcz,8.62
bda,6.33
bdb,6.95
bdc,9.51
bdd,7.86
bde,5.38
bdf,9.6
bdg,6.32
bdh,9.94
bdi,9.22
bdj,8.18
bdk,6.64
bdl,7.21
bdm,7.45
bdn,9.43
bdo,6.72
bdp,9.03
bdq,5.56
bdr,9.87
bds,8.93
bdt,9.74
bdu,7.05
bdv,7.19
bdw,6.05
bdx,7.01
bdy,7.15
bdz,7.62
bea,6.87
beb,9.55
bec,6.71
bed,8.98
bee,8.29
bef,9.99
beg,9.48
beh,5.85
bei,9.54
bej,6.67
bek,5.88
bel,8.37
bem,6.11
ben,8.08
beo,5.16
bep,5.19
beq,5.39
ber,6.05
bes,5.89
bet,8.15
beu,9.78
bev,7.88
bew,6.44
bex,5.26
bey,9.53
bez,6.93
bfa,6.06
bfb,6.57
bfc,6.65
bfd,9.98
bfe,5.57
bff,9.51
bfg,5.33
bfh,5.49
bfi,6.32
bfj,5.75
bfk,8.38
bfl,6.61
bfm,8.34
bfn,9.33
bfo,9.4
bfp,7.58
bfq,8.19
bfr,6.46
bfs,9.25
bft,5.45
bfu,5.78
bfv,9.1
bfw,9.29
bfx,7.44
bfy,5.0
bfz,8.02
bga,6.52
bgb,7.19
bgc,6.0
bgd,6.73
bge,9.71
bgf,6.33
bgg,5.31
bgh,8.39
bgi,8.74
bgj,9.37
bgk,5.03
bgl,8.53
bgm,7.06
bgn,5.31
bgo,8.7
bgp,6.63
bgq,6.52
bgr,6.71
bgs,5.64
bgt,5.61
bgu,8.85
bgv,9.9
bgw,8.57
bgx,5.05
bgy,9.47
bgz,6.64
bha,7.71
bhb,5.73
bhc,7.78
bhd,5.88
bhe,7.75
bhf,8.97
bhg,8.99
bhh,6.84
bhi,8.85
bhj,9.73
bhk,5.49
bhl,5.11
bhm,9.84
bhn,8.88
bho,8.44
bhp,5.93
bhq,8.45
bhr,9.07
bhs,7.15
bht,7.18
bhu,9.26
bhv,5.75
bhw,6.28
bhx,5.53
bhy,5.28
bhz,8.58
bia,9.45
bib,5.43
bic,8.07
bid,8.09
bie,8.45
bif,7.71
big,7.77
bih,6.59
bii,8.8
bij,6.42
bik,5.89
bil,9.97
bim,6.83
bin,6.19
bio,7.74
bip,7.86
biq,8.01
bir,8.15
bis,5.27
bit,7.62
biu,5.15
biv,5.24
biw,6.09
bix,9.07
biy,9.95
biz,5.19
bja,6.47
bjb,9.41
bjc,9.48
bjd,6.3
bje,7.11
bjf,6.77
bjg,7.65
bjh,6.79
bji,9.42
bjj,6.02
bjk,5.58
bjl,8.99
bjm,5.61
bjn,6.61
bjo,5.75
bjp,8.94
bjq,5.2
bjr,9.3
bjs,5.7
bjt,9.72
bju,5.04
bjv,8.63
bjw,8.73
bjx,5.53
bjy,5.09
bjz,5.61
bka,5.3
bkb,5.93
bkc,7.81
bkd,5.79
bke,7.33
bkf,6.55
bkg,8.74
bkh,5.46
bki,9.12
bkj,7.85
bkk,5.15
bkl,5.1
bkm,6.21
bkn,6.23
bko,8.38
bkp,9.45
bkq,5.54
bkr,5.66
bks,6.31
bkt,6.59
bku,8.43
bkv,6.88
bkw,8.08
bkx,9.27
bky,5.59
bkz,7.15
bla,7.48
blb,8.72
blc,8.63
bld,6.47
ble,5.68
blf,5.55
blg,6.86
blh,5.7
bli,7.78
blj,9.88
blk,5.86
bll,8.36
blm,9.47
bln,5.63
blo,7.99
blp,5.58
blq,9.83
blr,9.82
bls,9.11
blt,6.36
blu,9.47
blv,7.66
blw,9.87
blx,8.36
bly,9.43
blz,7.98
bma,6.91
bmb,5.24
bmc,8.29
bmd,9.97
bme,8.74
bmf,7.95
bmg,7.87
bmh,9.86
bmi,5.89
bmj,6.79
bmk,6.71
bml,7.79
bmm,5.26
bmn,6.59
bmo,5.3
bmp,8.83
bmq,9.69
bmr,7.48
bms,6.85
bmt,6.45
bmu,9.97
bmv,9.51
bmw,6.28
bmx,8.82
bmy,8.81
bmz,7.77
bna,8.78
bnb,8.49
bnc,6.83
bnd,9.37
bne,6.76
bnf,8.29
bng,8.94
bnh,7.93
bni,5.4
bnj,6.12
bnk,8.94
bnl,9.87
bnm,6.56
bnn,9.75
bno,5.18
bnp,9.34
bnq,7.97
bnr,7.9
bns,7.73
bnt,8.03
bnu,7.73
bnv,9.72
bnw,7.37
bnx,6.56
bny,6.23
bnz,8.79
boa,5.87
bob,6.52
boc,8.29
bod,5.97
boe,9.38
bof,6.57
bog,7.73
boh,8.61
boi,6.41
boj,8.82
bok,6.3
bol,9.45
bom,5.56
bon,6.07
boo,6.83
bop,9.39
boq,8.44
bor,8.39
bos,9.26
bot,7.17
bou,9.84
bov,6.75
bow,9.84
box,7.15
boy,7.14
boz,9.93
bpa,7.04
bpb,7.17
bpc,8.56
bpd,9.09
bpe,7.68
bpf,9.45
bpg,9.55
bph,8.05
bpi,7.08
bpj,9.92
bpk,9.73
bpl,5.71
bpm,9.85
bpn,6.99
bpo,8.32
bpp,8.86
bpq,6.66
bpr,5.85
bps,7.92
bpt,6.85
bpu,7.68
bpv,8.35
bpw,9.86
bpx,8.72
bpy,8.96
bpz,9.68
bqa,5.25
bqb,6.9
bqc,8.22
bqd,8.08
bqe,5.32
bqf,7.98
bqg,5.02
bqh,6.81
bqi,6.79
bqj,8.19
bqk,5.27
bql,6.08
bqm,6.92
bqn,6.28
bqo,8.04
bqp,7.12
bqq,5.66
bqr,9.91
bqs,7.42
bqt,9.79
bqu,7.49
bqv,6.35
bqw,5.57
bqx,9.33
bqy,5.79
bqz,7.06
bra,6.98
brb,5.64
brc,8.3
brd,9.35
bre,6.05
brf,8.14
brg,7.18
brh,6.31
bri,9.46
brj,7.97
brk,5.88
brl,5.84
brm,7.3
brn,6.82
bro,5.03
brp,7.34
brq,9.78
brr,8.13
brs,8.93
brt,5.64
bru,7.14
brv,9.17
brw,5.95
brx,7.27
bry,6.68
brz,7.14
bsa,5.56
bsb,9.37
bsc,7.63
bsd,7.74
bse,6.0
bsf,5.05
bsg,5.2
bsh,9.65
bsi,9.91
bsj,5.35
bsk,5.64
bsl,5.58
bsm,6.5
bsn,9.33
bso,7.6
bsp,9.08
bsq,5.7
bsr,5.53
bss,7.55
bst,6.5
bsu,9.3
bsv,8.64
bsw,7.02
bsx,5.27
bsy,9.44
bsz,5.74
bta,8.32
btb,5.39
btc,6.26
btd,6.62
bte,6.42
btf,8.26
btg,6.48
bth,7.18
bti,8.66
btj,6.82
btk,5.54
btl,8.2
btm,8.33
btn,5.88
bto,7.87
btp,8.91
btq,5.05
btr,8.09
bts,8.93
btt,6.25
btu,7.86
btv,9.28
btw,9.96
btx,7.48
bty,8.9
btz,8.21
bua,8.82
bub,9.41
buc,5.08
bud,8.56
bue,5.95
buf,6.85
bug,5.59
buh,5.93
bui,9.79
buj,9.66
buk,9.92
bul,8.08
bum,6.19
bun,9.94
buo,9.24
bup,7.01
buq,7.37
bur,9.24
bus,8.88
but,5.11
buu,8.23
buv,5.71
buw,9.81
bux,6.87
buy,9.08
buz,8.39
bva,8.47
bvb,8.36
bvc,8.34
bvd,7.51
bve,6.65
bvf,5.8
bvg,9.27
bvh,8.5
bvi,7.44
bvj,7.42
bvk,6.86
bvl,8.7
bvm,6.33
bvn,8.24
bvo,8.62
bvp,7.31
bvq,5.65
bvr,7.19
bvs,9.88
bvt,9.37
bvu,7.29
bvv,9.55
bvw,5.02
bvx,9.55
bvy,6.0
bvz,6.71
bwa,7.9
bwb,5.23
bwc,8.37
bwd,8.88
bwe,8.92
bwf,6.38
bwg,9.99
bwh,8.03
bwi,5.11
bwj,9.55
bwk,6.22
bwl,9.06
bwm,8.28
bwn,7.26
bwo,6.41
bwp,8.42
bwq,9.4
bwr,9.21
bws,7.29
bwt,9.92
bwu,7.79
bwv,9.32
bww,9.51
bwx,8.14
bwy,6.51
bwz,9.09
bxa,6.42
bxb,6.56
bxc,7.8
bxd,7.08
bxe,9.41
bxf,6.56
bxg,9.35
bxh,9.35
bxi,7.84
bxj,8.91
bxk,7.11
bxl,5.5
bxm,7.79
bxn,9.31
bxo,9.7
bxp,5.02
bxq,7.29
bxr,7.81
bxs,9.08
bxt,5.85
bxu,6.21
bxv,6.74
bxw,9.02
bxx,9.46
bxy,9.65
bxz,5.32
bya,5.94
byb,6.32
byc,8.62
byd,8.22
bye,6.58
byf,5.64
byg,7.83
byh,7.41
byi,7.1
byj,9.33
byk,9.43
byl,7.51
bym,8.62
byn,6.58
byo,6.76
byp,6.08
byq,9.36
byr,5.58
bys,8.54
byt,8.71
byu,8.92
byv,8.67
byw,8.51
byx,7.04
byy,8.75
byz,8.5
bza,7.77
bzb,8.85
bzc,7.78
bzd,8.62
bze,9.48
bzf,9.61
bzg,8.85
bzh,9.21
bzi,9.74
bzj,5.36
bzk,5.77
bzl,7.23
bzm,6.3
bzn,5.69
bzo,6.32
bzp,9.57
bzq,9.26
bzr,7.94
bzs,9.65
bzt,7.08
bzu,9.11
bzv,8.53
bzw,9.98
bzx,5.57
bzy,9.87
bzz,10.0
caa,9.03
cab,8.58
cac,8.04
cad,7.65
cae,7.02
caf,6.41
cag,9.83
cah,7.67
cai,8.3
caj,9.42
cak,9.47
cal,7.17
cam,9.23
can,9.74
cao,8.67
cap,8.93
caq,9.53
car,7.69
cas,7.33
cat,6.47
cau,6.84
cav,7.77
caw,6.85
cax,8.53
cay,6.34
caz,9.77
cba,8.2
cbb,9.71
cbc,8.04
cbd,7.95
cbe,9.55
cbf,8.04
cbg,8.24
cbh,8.4
cbi,7.12
cbj,7.53
cbk,5.62
cbl,6.63
cbm,6.14
cbn,7.76
cbo,8.56
cbp,8.95
cbq,7.45
cbr,5.1
cbs,8.91
cbt,9.28
cbu,9.08
cbv,9.54
cbw,5.98
cbx,6.21
cby,8.87
cbz,5.68
cca,9.74
ccb,6.91
ccc,9.47
ccd,7.68
cce,8.46
ccf,9.96
ccg,8.51
cch,6.89
cci,6.79
ccj,7.87
cck,5.93
ccl,6.83
ccm,6.57
ccn,7.19
cco,7.58
ccp,7.26
ccq,9.39
ccr,5.85
ccs,9.35
cct,5.24
ccu,8.31
ccv,5.8
ccw,8.66
ccx,5.34
ccy,6.89
ccz,7.86
cda,5.73
cdb,9.41
cdc,7.09
cdd,8.79
cde,5.03
cdf,6.81
cdg,8.9
cdh,6.31
cdi,6.49
cdj,9.75
cdk,8.46
cdl,7.82
cdm,5.96
cdn,6.05
cdo,9.03
cdp,5.98
cdq,5.59
cdr,5.01
cds,8.48
cdt,5.02
cdu,6.73
cdv,5.86
cdw,6.74
cdx,5.65
cdy,5.38
cdz,7.47
cea,9.37
ceb,6.39
cec,5.47
ced,8.4
cee,7.4
cef,9.45
ceg,8.92
ceh,7.17
cei,6.4
cej,7.21
cek,6.67
cel,8.42
cem,5.58
cen,6.37
ceo,6.82
cep,5.61
ceq,9.58
cer,7.23
ces,7.02
cet,6.42
ceu,9.26
cev,5.99
cew,5.88
cex,8.64
cey,9.91
cez,7.56
cfa,7.36
cfb,9.8
cfc,9.15
cfd,6.51
cfe,7.14
cff,7.24
cfg,9.39
cfh,9.42
cfi,8.95
cfj,5.88
cfk,5.86
cfl,9.68
cfm,8.0
cfn,5.86
cfo,5.5
cfp,5.36
cfq,6.37
cfr,7.33
cfs,5.1
cft,9.02
cfu,5.88
cfv,8.75
cfw,7.72
cfx,9.49
cfy,9.3
cfz,6.82
cga,8.56
cgb,8.14
cgc,7.02
cgd,5.42
cge,5.17
cgf,9.84
cgg,8.25
cgh,6.53
cgi,7.95
cgj,5.18
cgk,6.56
cgl,8.34
cgm,7.68
cgn,5.16
cgo,8.14
cgp,9.4
cgq,7.06
cgr,5.06
cgs,7.23
cgt,8.73
cgu,5.81
cgv,7.5
cgw,9.4
cgx,8.93
cgy,5.32
cgz,5.72
cha,5.92
chb,5.04
chc,8.68
chd,7.92
che,6.92
chf,6.74
chg,5.5
chh,9.87
chi,8.53
chj,8.42
chk,5.99
chl,7.22
chm,5.66
chn,7.11
cho,5.62
chp,6.58
chq,6.91
chr,8.77
chs,8.29
cht,8.18
chu,9.27
chv,8.04
chw,5.37
chx,6.93
chy,9.51
chz,8.45
cia,6.91
cib,5.05
cic,8.03
cid,5.14
cie,8.86
cif,8.29
cig,9.61
cih,9.14
cii,6.04
cij,8.62
cik,7.79
cil,6.59
cim,6.66
cin,5.69
cio,7.5
cip,9.51
ciq,6.29
cir,7.56
cis,6.04
cit,5.34
ciu,8.13
civ,7.19
ciw,5.87
cix,6.94
ciy,8.55
ciz,8.19
cja,5.42
cjb,6.72
cjc,8.42
cjd,5.54
cje,9.48
cjf,5.15
cjg,9.62
cjh,8.42
cji,5.29
cjj,5.38
cjk,5.42
cjl,9.74
cjm,9.33
cjn,9.7
cjo,5.49
cjp,9.46
cjq,9.66
cjr,6.92
cjs,5.1
cjt,6.31
cju,6.59
cjv,9.44
cjw,5.19
cjx,9.26
cjy,5.48
cjz,7.21
cka,7.5
ckb,9.36
ckc,5.99
ckd,8.69
cke,7.26
ckf,6.54
ckg,8.33
ckh,6.18
cki,5.91
ckj,8.08
ckk,5.7
ckl,5.25
ckm,5.65
ckn,7.49
cko,5.68
ckp,6.08
ckq,9.21
ckr,8.5
cks,6.77
ckt,5.83
cku,8.54
ckv,6.0
ckw,7.59
ckx,8.47
cky,5.42
ckz,7.53
cla,5.81
clb,5.51
clc,9.51
cld,9.21
cle,9.98
clf,7.89
clg,7.98
clh,5.12
cli,6.84
clj,5.66
clk,9.95
cll,5.31
clm,9.84
cln,8.97
clo,7.97
clp,6.99
clq,6.78
clr,9.18
cls,6.27
clt,9.08
clu,9.53
clv,5.17
clw,6.67
clx,9.5
cly,6.71
clz,5.79
cma,6.02
cmb,7.68
cmc,9.41
cmd,6.35
cme,5.97
cmf,8.94
cmg,9.33
cmh,6.81
cmi,8.08
cmj,8.84
cmk,8.45
cml,7.39
cmm,9.67
cmn,7.7
cmo,5.24
cmp,5.96
cmq,7.71
cmr,8.89
cms,5.5
cmt,5.45
cmu,8.79
cmv,7.35
cmw,8.42
cmx,5.63
cmy,8.17
cmz,8.44
cna,6.92
cnb,9.38
cnc,9.31
cnd,9.95
cne,6.5
cnf,5.2
cng,8.94
cnh,9.54
cni,9.85
cnj,8.97
cnk,6.93
cnl,5.02
cnm,8.94
cnn,5.44
cno,8.91
cnp,9.29
cnq,6.73
cnr,7.38
cns,9.2
cnt,6.09
cnu,8.81
cnv,5.34
cnw,6.35
cnx,9.34
cny,9.67
cnz,8.89
coa,9.87
cob,7.51
coc,5.46
cod,8.19
coe,5.65
cof,5.69
cog,9.32
coh,8.12
coi,7.3
coj,7.81
cok,9.03
col,5.74
com,5.45
con,6.16
coo,6.0
cop,5.86
coq,9.37
cor,7.35
cos,5.5
cot,5.63
cou,9.04
cov,6.19
cow,7.34
cox,7.96
coy,9.95
coz,6.13
cpa,5.58
cpb,9.45
cpc,8.73
cpd,5.4
cpe,5.99
cpf,6.18
cpg,8.32
cph,9.92
cpi,5.2
cpj,6.92
cpk,9.58
cpl,6.09
cpm,6.06
cpn,6.79
cpo,6.37
cpp,5.9
cpq,7.69
cpr,9.29
cps,6.11
cpt,6.78
cpu,5.94
cpv,8.11
cpw,8.82
cpx,6.57
cpy,5.44
cpz,7.16
cqa,7.54
cqb,5.24
cqc,7.75
cqd,6.95
cqe,9.42
cqf,8.88
cqg,9.03
cqh,6.4
cqi,8.65
cqj,5.03
cqk,7.66
cql,6.35
cqm,8.11
cqn,9.91
cqo,7.09
cqp,9.78
cqq,6.98
cqr,6.3
cqs,9.84
cqt,5.75
cqu,9.5
cqv,9.84
cqw,7.99
cqx,9.73
cqy,8.27
cqz,5.69
cra,8.57
crb,9.3
crc,8.57
crd,6.79
cre,8.71
crf,8.22
crg,7.11
crh,6.37
cri,5.53
crj,9.44
crk,5.23
crl,9.32
crm,8.88
crn,9.54
cro,6.46
crp,8.34
crq,8.16
crr,6.63
crs,5.06
crt,7.35
cru,7.51
crv,8.93
crw,8.34
crx,8.39
cry,8.38
crz,5.45
csa,8.01
csb,5.01
csc,8.42
csd,8.58
cse,9.08
csf,8.78
csg,6.03
csh,7.3
csi,5.53
csj,6.13
csk,5.98
csl,9.56
csm,5.57
csn,8.33
cso,7.87
csp,8.11
csq,8.85
csr,9.5
css,6.29
cst,6.21
csu,8.47
csv,7.52
csw,8.45
csx,8.3
csy,6.51
csz,5.89
cta,7.86
ctb,7.26
ctc,9.75
ctd,9.29
cte,8.46
ctf,9.87
ctg,8.2
cth,5.44
cti,5.18
ctj,6.04
ctk,7.72
ctl,6.19
ctm,6.3
ctn,5.61
cto,7.55
ctp,5.76
ctq,8.01
ctr,7.71
cts,7.09
ctt,6.64
ctu,9.56
ctv,8.69
ctw,7.21
ctx,8.27
cty,7.31
ctz,6.16
cua,7.93
cub,8.16
cuc,8.87
cud,7.63
cue,5.16
cuf,9.71
cug,7.87
cuh,8.08
cui,7.34
cuj,5.58
cuk,5.06
cul,5.6
cum,5.05
cun,8.03
cuo,9.82
cup,8.07
cuq,8.61
cur,9.8
cus,6.04
cut,7.6
cuu,7.46
cuv,9.49
cuw,6.51
cux,6.61
cuy,5.12
cuz,6.79
cva,6.12
cvb,5.44
cvc,5.27
cvd,9.94
cve,5.19
cvf,7.52
cvg,9.55
cvh,7.49
cvi,8.66
cvj,5.17
cvk,5.68
cvl,8.66
cvm,5.47
cvn,7.88
cvo,6.92
cvp,7.75
cvq,7.94
cvr,5.57
cvs,5.53
cvt,6.36
cvu,6.8
cvv,7.72
cvw,6.88
cvx,9.72
cvy,5.76
cvz,6.15
cwa,8.58
cwb,5.44
cwc,8.43
cwd,8.13
cwe,7.18
cwf,9.32
cwg,7.68
cwh,9.34
cwi,6.32
cwj,9.52
cwk,6.71
cwl,5.98
cwm,7.16
cwn,5.66
cwo,5.52
cwp,8.64
cwq,8.01
cwr,7.91
cws,7.92
cwt,9.2
cwu,6.14
cwv,5.27
cww,6.75
cwx,6.22
cwy,9.18
cwz,7.85
cxa,9.79
cxb,9.62
cxc,5.37
cxd,8.1
cxe,6.27
cxf,6.38
cxg,10.0
cxh,5.3
cxi,5.28
cxj,5.61
cxk,7.36
cxl,8.41
cxm,9.66
cxn,6.96
cxo,6.42
cxp,9.33
cxq,7.26
cxr,8.52
cxs,6.01
cxt,7.2
cxu,5.54
cxv,6.0
cxw,8.2
cxx,5.77
cxy,5.11
cxz,9.8
cya,7.43
cyb,5.34
cyc,6.21
cyd,8.15
cye,5.5
cyf,9.97
cyg,5.54
cyh,9.52
cyi,5.99
cyj,8.41
cyk,6.42
cyl,7.26
cym,5.83
cyn,7.7
cyo,5.54
cyp,9.67
cyq,8.23
cyr,8.63
cys,6.09
cyt,7.69
cyu,5.2
cyv,7.78
cyw,6.81
cyx,8.52
cyy,7.97
cyz,8.62
cza,7.71
czb,5.78
czc,6.02
czd,5.1
cze,5.16
czf,7.09
czg,8.36
czh,5.05
czi,6.31
czj,7.55
czk,6.3
czl,5.29
czm,5.71
czn,6.92
czo,9.53
czp,7.52
czq,5.38
czr,8.79
czs,5.03
czt,5.9
czu,9.28
czv,7.25
czw,8.65
czx,9.41
czy,8.92
czz,8.07
daa,7.75
dab,6.78
dac,5.79
dad,5.67
dae,9.96
daf,9.8
dag,9.96
dah,6.99
dai,5.05
daj,6.82
dak,8.22
dal,7.26
dam,6.17
dan,9.23
dao,6.5
dap,6.73
daq,9.5
dar,5.65
das,8.84
dat,9.61
dau,7.56
dav,8.65
daw,7.96
dax,8.55
day,5.17
daz,6.09
dba,5.74
dbb,6.12
dbc,7.08
dbd,7.16
dbe,6.2
dbf,6.0
dbg,6.92
dbh,9.92
dbi,5.29
dbj,5.91
dbk,9.66
dbl,6.59
dbm,9.31
dbn,8.62
dbo,8.51
dbp,9.19
dbq,7.07
dbr,7.74
dbs,5.93
dbt,9.37
dbu,6.65
dbv,6.89
dbw,7.17
dbx,7.52
dby,7.65
dbz,9.91
dca,8.66
dcb,5.46
dcc,8.85
dcd,5.97
dce,6.3
dcf,8.65
dcg,8.47
dch,6.12
dci,5.86
dcj,9.47
dck,9.13
dcl,5.01
dcm,7.57
dcn,9.07
dco,5.21
dcp,5.91
dcq,8.4
dcr,5.18
dcs,7.35
dct,8.08
dcu,5.71
dcv,8.25
dcw,8.42
dcx,8.35
dcy,8.33
dcz,6.8
dda,6.06
ddb,6.88
ddc,6.8
ddd,6.41
dde,6.6
ddf,7.85
ddg,8.09
ddh,8.77
ddi,6.6
ddj,7.92
ddk,9.22
ddl,5.84
ddm,6.28
ddn,5.11
ddo,7.79
ddp,5.87
ddq,8.15
ddr,5.93
dds,6.28
ddt,9.75
ddu,7.87
ddv,6.24
ddw,6.66
ddx,9.57
ddy,6.76
ddz,7.98
dea,7.05
deb,6.49
dec,9.17
ded,9.58
dee,5.75
def,7.59
deg,8.82
deh,5.29
dei,8.01
dej,9.62
dek,9.08
del,6.71
dem,9.81
den,5.57
deo,9.97
dep,8.5
deq,9.66
der,8.65
des,8.52
det,7.2
deu,5.46
dev,5.43
dew,8.58
dex,6.11
dey,5.62
dez,9.95
dfa,7.95
dfb,5.94
dfc,6.91
dfd,7.65
dfe,10.0
dff,6.04
dfg,7.4
dfh,9.67
dfi,6.69
dfj,8.92
dfk,9.97
dfl,6.66
dfm,7.98
dfn,5.64
dfo,9.47
dfp,5.11
dfq,5.03
dfr,9.45
dfs,5.24
dft,8.26
dfu,9.18
dfv,5.25
dfw,7.94
dfx,8.26
dfy,6.02
dfz,6.79
dga,5.37
dgb,6.39
dgc,6.33
dgd,6.87
dge,9.12
dgf,7.03
dgg,7.51
dgh,9.96
dgi,6.33
dgj,7.34
dgk,6.15
dgl,7.92
dgm,6.24
dgn,6.56
dgo,7.98
dgp,7.61
dgq,5.33
dgr,5.92
dgs,8.57
dgt,5.4
dgu,9.26
dgv,5.31
dgw,6.36
dgx,6.7
dgy,8.7
dgz,8.05
dha,5.24
dhb,5.33
dhc,6.79
dhd,5.47
dhe,6.47
dhf,6.14
dhg,6.11
dhh,7.32
dhi,6.42
dhj,7.03
dhk,7.17
dhl,6.62
dhm,9.39
dhn,5.8
dho,7.71
dhp,7.91
dhq,6.04
dhr,8.37
dhs,8.36
dht,7.27
dhu,7.77
dhv,9.48
dhw,8.4
dhx,7.94
dhy,9.4
dhz,8.96
dia,6.48
dib,9.66
dic,5.77
did,6.97
die,6.54
dif,8.76
dig,9.8
dih,8.88
dii,5.62
dij,6.08
dik,9.47
dil,8.83
dim,5.34
din,8.46
dio,9.67
dip,5.65
diq,9.09
dir,8.02
dis,6.58
dit,8.74
diu,8.63
div,9.53
diw,7.96
dix,8.24
diy,9.76
diz,5.77
dja,6.15
djb,5.35
djc,9.54
djd,9.62
dje,7.69
djf,7.2
djg,5.22
djh,8.0
dji,6.52
djj,5.2
djk,6.75
djl,6.09
djm,9.92
djn,6.75
djo,6.3
djp,6.38
djq,8.62
djr,5.45
djs,9.31
djt,5.34
dju,6.02
djv,9.12
djw,9.94
djx,8.99
djy,6.87
djz,9.69
dka,8.56
dkb,8.98
dkc,8.05
dkd,9.7
dke,5.19
dkf,5.34
dkg,6.41
dkh,5.49
dki,6.52
dkj,6.94
dkk,8.79
dkl,8.08
dkm,8.3
dkn,9.83
dko,8.36
dkp,5.15
dkq,6.55
dkr,6.52
dks,8.82
dkt,6.87
dku,8.5
dkv,7.13
dkw,9.44
dkx,7.93
dky,8.35
dkz,5.77
dla,9.81
dlb,8.24
dlc,6.41
dld,5.26
dle,9.92
dlf,8.58
dlg,5.0
dlh,5.1
dli,7.07
dlj,5.2
dlk,9.17
dll,6.08
dlm,6.16
dln,5.96
dlo,9.52
dlp,5.47
dlq,6.4
dlr,8.97
dls,9.96
dlt,9.87
dlu,7.5
dlv,5.31
dlw,7.26
dlx,7.78
dly,5.25
dlz,5.67
dma,9.75
dmb,8.96
dmc,5.77
dmd,7.49
dme,7.03
dmf,7.41
dmg,9.8
dmh,6.23
dmi,9.81
dmj,6.43
dmk,8.64
dml,9.14
dmm,8.88
dmn,8.68
dmo,6.74
dmp,9.69
dmq,9.14
dmr,9.54
dms,7.38
dmt,7.79
dmu,7.15
dmv,9.38
dmw,5.72
dmx,8.55
dmy,8.63
dmz,5.96
dna,9.23
dnb,5.14
dnc,7.84
dnd,6.54
dne,8.1
dnf,7.53
dng,7.02
dnh,7.54
dni,8.62
dnj,7.81
dnk,8.38
dnl,8.06
dnm,6.58
dnn,5.11
dno,7.29
dnp,5.63
dnq,8.5
dnr,5.16
dns,6.16
dnt,6.53
dnu,7.83
dnv,7.92
dnw,7.27
dnx,9.78
dny,5.04
dnz,9.44
doa,9.23
dob,5.76
doc,9.94
dod,7.52
doe,9.65
dof,8.65
dog,9.23
doh,8.83
doi,5.87
doj,6.31
dok,8.4
dol,7.57
dom,5.78
don,7.38
doo,8.97
dop,8.4
doq,8.62
dor,8.37
dos,5.46
dot,8.34
dou,8.53
dov,9.14
dow,8.6
dox,8.42
doy,9.96
doz,8.58
dpa,6.61
dpb,8.18
dpc,5.37
dpd,7.09
dpe,9.27
dpf,7.77
dpg,6.17
dph,8.31
dpi,6.32
dpj,8.15
dpk,6.51
dpl,6.2
dpm,7.37
dpn,9.7
dpo,6.71
dpp,9.19
dpq,7.78
dpr,5.94
dps,6.75
dpt,9.85
dpu,8.71
dpv,7.35
dpw,9.83
dpx,10.0
dpy,8.41
dpz,9.29
dqa,5.38
dqb,6.64
dqc,6.83
dqd,6.22
dqe,5.85
dqf,7.36
dqg,7.44
dqh,8.42
dqi,7.15
dqj,8.45
dqk,7.78
dql,9.08
dqm,6.93
dqn,9.97
dqo,9.95
dqp,9.82
dqq,5.31
dqr,5.21
dqs,9.38
dqt,5.17
dqu,7.3
dqv,9.71
dqw,6.62
dqx,5.28
dqy,7.99
dqz,6.16
dra,6.37
drb,7.7
drc,7.68
drd,5.32
dre,6.66
drf,5.96
drg,9.62
drh,9.27
dri,7.77
drj,7.93
drk,7.4
drl,5.34
drm,5.79
drn,7.07
dro,9.65
drp,7.74
drq,9.37
drr,7.95
drs,9.54
drt,8.32
dru,5.31
drv,7.04
drw,8.17
drx,7.63
dry,6.99
drz,5.03
dsa,9.66
dsb,6.58
dsc,8.53
dsd,5.96
dse,5.49
dsf,6.55
dsg,6.31
dsh,6.41
dsi,7.91
dsj,9.11
dsk,6.28
dsl,5.91
dsm,9.16
dsn,9.27
dso,6.91
dsp,7.04
dsq,9.74
dsr,6.97
dss,6.06
dst,7.99
dsu,7.49
dsv,5.18
dsw,6.5
dsx,9.81
dsy,5.58
dsz,6.72
dta,8.91
dtb,9.24
dtc,9.96
dtd,8.8
dte,9.09
dtf,7.82
dtg,7.6
dth,6.66
dti,8.53
dtj,5.07
dtk,7.7
dtl,9.56
dtm,6.65
dtn,8.36
dto,6.93
dtp,9.71
dtq,7.59
dtr,7.72
dts,6.96
dtt,8.27
dtu,8.36
dtv,7.25
dtw,7.3
dtx,7.57
dty,7.21
dtz,7.27
dua,9.29
dub,7.87
duc,9.49
dud,6.77
due,6.04
duf,9.66
dug,5.54
duh,9.23
dui,9.12
duj,6.19
duk,9.98
dul,8.55
dum,7.12
dun,8.07
duo,8.44
dup,8.34
duq,8.51
dur,6.96
dus,9.5
dut,5.32
duu,9.45
duv,8.84
duw,8.82
dux,8.32
duy,7.52
duz,7.15
dva,7.36
dvb,9.78
dvc,7.07
dvd,8.8
dve,8.94
dvf,9.73
dvg,7.24
dvh,7.46
dvi,6.99
dvj,5.06
dvk,6.27
dvl,5.09
dvm,7.47
dvn,5.18
dvo,9.96
dvp,6.67
dvq,8.56
dvr,9.72
dvs,7.12
dvt,8.68
dvu,5.16
dvv,8.97
dvw,5.19
dvx,9.25
dvy,9.36
dvz,6.02
dwa,9.81
dwb,9.91
dwc,9.71
dwd,9.45
dwe,8.66
dwf,7.73
dwg,6.37
dwh,8.22
dwi,8.35
dwj,7.44
dwk,9.72
dwl,9.66
dwm,9.73
dwn,6.25
dwo,9.55
dwp,6.5
dwq,5.86
dwr,9.29
dws,5.57
dwt,6.0
dwu,9.96
dwv,8.62
dww,7.01
dwx,6.18
dwy,8.39
dwz,8.53
dxa,7.88
dxb,6.25
dxc,5.03
dxd,5.94
dxe,9.54
dxf,8.91
dxg,6.43
dxh,5.59
dxi,5.58
dxj,6.17
dxk,8.8
dxl,6.96
dxm,9.76
dxn,5.14
dxo,5.64
dxp,5.92
dxq,8.11
dxr,9.52
dxs,6.8
dxt,6.32
dxu,9.59
dxv,6.71
dxw,8.08
dxx,5.73
dxy,6.72
dxz,9.02
dya,6.71
dyb,7.46
dyc,9.74
dyd,6.17
dye,7.55
dyf,8.56
dyg,8.24
dyh,8.29
dyi,9.73
dyj,9.15
dyk,9.78
dyl,6.68
dym,9.27
dyn,5.83
dyo,9.07
dyp,5.24
dyq,5.71
dyr,6.28
dys,9.84
dyt,7.12
dyu,5.61
dyv,6.84
dyw,8.35
dyx,6.96
dyy,5.98
dyz,9.04
dza,9.73
dzb,5.7
dzc,9.91
dzd,8.46
dze,6.02
dzf,5.62
dzg,9.18
dzh,6.14
dzi,7.05
dzj,5.06
dzk,6.6
dzl,5.3
dzm,6.41
dzn,6.42
dzo,6.37
dzp,5.14
dzq,7.67
dzr,8.69
dzs,9.03
dzt,9.09
dzu,6.44
dzv,6.06
dzw,9.13
dzx,9.13
dzy,5.03
dzz,6.22
eaa,6.81
eab,5.64
eac,8.68
ead,8.8
eae,5.25
eaf,8.59
eag,8.1
eah,6.16
eai,5.27
eaj,6.81
eak,6.18
eal,6.08
eam,7.43
ean,9.22
eao,7.25
eap,5.96
eaq,8.04
ear,5.26
eas,5.36
eat,7.47
eau,9.68
eav,9.51
eaw,9.43
eax,6.08
eay,6.3
eaz,7.69
eba,5.93
ebb,8.71
ebc,7.04
ebd,5.54
ebe,8.57
ebf,6.11
ebg,7.18
ebh,6.88
ebi,7.69
ebj,9.06
ebk,8.21
ebl,8.33
ebm,8.89
ebn,8.06
ebo,7.54
ebp,5.35
ebq,8.16
ebr,6.03
ebs,9.64
ebt,9.07
ebu,10.0
ebv,5.0
ebw,7.75
ebx,8.57
eby,7.01
ebz,6.97
eca,7.21
ecb,6.75
ecc,8.98
ecd,9.68
ece,6.91
ecf,9.75
ecg,6.89
ech,6.4
eci,6.32
ecj,9.68
eck,9.78
ecl,9.38
ecm,7.36
ecn,9.54
eco,8.09
ecp,8.9
ecq,9.4
ecr,7.95
ecs,5.07
ect,6.67
ecu,9.42
ecv,7.91
ecw,5.75
ecx,7.61
ecy,5.56
ecz,8.81
eda,6.05
edb,5.0
edc,8.84
edd,6.38
ede,5.08
edf,6.38
edg,8.52
edh,9.94
edi,7.88
edj,8.09
edk,8.77
edl,9.95
edm,8.43
edn,7.59
edo,5.18
edp,6.4
edq,8.17
edr,8.69
eds,5.87
edt,9.37
edu,8.04
edv,7.04
edw,8.81
edx,9.78
edy,8.58
edz,5.49
eea,9.77
eeb,6.79
eec,8.08
eed,7.4
eee,8.7
eef,6.16
eeg,5.05
eeh,9.48
eei,7.77
eej,5.88
eek,8.76
eel,9.81
eem,8.03
een,8.87
eeo,8.01
eep,7.98
eeq,6.66
eer,5.02
ees,8.34
eet,9.51
eeu,5.84
eev,7.19
eew,7.28
eex,7.47
eey,8.41
eez,6.5
efa,9.16
efb,9.2
efc,5.93
efd,9.6
efe,6.22
eff,8.06
efg,7.05
efh,8.38
efi,6.58
efj,6.2
efk,5.41
efl,7.69
efm,6.52
efn,6.91
efo,7.74
efp,8.1
efq,9.26
efr,9.48
efs,7.04
eft,5.86
efu,8.88
efv,9.57
efw,5.18
efx,8.95
efy,8.12
efz,6.62
ega,7.27
egb,6.98
egc,5.05
egd,6.51
ege,8.46
egf,6.32
egg,8.56
egh,5.21
egi,5.15
egj,5.39
egk,6.09
egl,8.53
egm,6.17
egn,9.2
ego,6.72
egp,7.95
egq,9.47
egr,6.0
egs,8.25
egt,8.83
egu,6.23
egv,9.18
egw,5.47
egx,5.12
egy,5.55
egz,6.05
eha,6.06
ehb,5.55
ehc,8.68
ehd,6.07
ehe,8.29
ehf,7.11
ehg,6.66
ehh,7.42
ehi,9.85
ehj,7.48
ehk,9.55
ehl,8.41
ehm,9.56
ehn,6.76
eho,8.76
ehp,8.2
ehq,7.15
ehr,5.48
ehs,9.55
eht,8.14
ehu,7.15
ehv,9.65
ehw,5.56
ehx,8.47
ehy,7.08
ehz,8.6
eia,8.11
eib,5.79
eic,6.89
eid,9.44
eie,5.02
eif,6.31
eig,5.51
eih,7.5
eii,7.6
eij,8.01
eik,7.53
eil,6.69
eim,9.7
ein,9.74
eio,5.89
eip,8.51
eiq,8.36
eir,6.46
eis,7.61
eit,5.22
eiu,7.23
eiv,8.18
eiw,5.04
eix,7.59
eiy,9.31
eiz,6.85
eja,7.02
ejb,6.12
ejc,6.77
ejd,7.05
eje,5.19
ejf,7.38
ejg,7.32
ejh,6.97
eji,9.14
ejj,8.66
ejk,9.89
ejl,9.93
ejm,5.3
ejn,6.83
ejo,6.62
ejp,6.6
ejq,8.96
ejr,9.59
ejs,5.81
ejt,7.04
eju,8.47
ejv,6.43
ejw,8.41
ejx,7.33
ejy,5.69
ejz,8.9
eka,7.08
ekb,8.73
ekc,9.08
ekd,5.6
eke,8.82
ekf,8.24
ekg,9.78
ekh,9.79
eki,7.25
ekj,5.04
ekk,6.87
ekl,7.16
ekm,8.45
ekn,6.84
eko,7.53
ekp,7.03
ekq,6.18
ekr,5.96
eks,8.37
ekt,7.29
eku,7.85
ekv,5.45
ekw,5.78
ekx,5.89
eky,6.06
ekz,7.01
ela,8.46
elb,8.37
elc,8.28
eld,9.98
ele,6.59
elf,6.21
elg,8.52
elh,9.57
eli,7.06
elj,8.49
elk,7.74
ell,8.62
elm,9.11
eln,5.24
elo,5.2
elp,9.84
elq,9.07
elr,8.91
els,9.63
elt,8.53
elu,7.53
elv,9.03
elw,6.19
elx,9.06
ely,8.21
elz,9.98
ema,7.91
emb,6.11
emc,9.68
emd,9.78
eme,7.19
emf,6.01
emg,6.33
emh,7.8
emi,8.94
emj,9.48
emk,6.74
eml,5.18
emm,8.5
emn,9.86
emo,5.21
emp,5.93
emq,8.54
emr,8.18
ems,6.63
emt,5.55
emu,6.43
emv,5.99
emw,8.58
emx,8.08
emy,5.7
emz,8.23
ena,8.55
enb,7.2
enc,6.2
end,9.46
ene,9.48
enf,8.28
eng,7.08
enh,8.67
eni,9.63
enj,6.84
enk,8.86
enl,6.1
enm,5.87
enn,7.21
eno,7.44
enp,9.33
enq,10.0
enr,7.94
ens,7.4
ent,5.1
enu,6.24
env,7.68
enw,5.01
enx,9.01
eny,7.92
enz,6.96
eoa,8.31
eob,5.81
eoc,8.43
eod,5.24
eoe,6.56
eof,8.44
eog,7.28
eoh,8.86
eoi,9.59
eoj,5.1
eok,7.26
eol,5.29
eom,9.5
eon,9.8
eoo,5.83
eop,9.22
eoq,6.42
eor,5.21
eos,6.95
eot,5.88
eou,7.43
eov,9.6
eow,9.99
eox,9.68
eoy,9.39
eoz,9.31
epa,9.54
epb,8.64
epc,6.51
epd,9.84
epe,8.7
epf,5.88
epg,7.59
eph,6.51
epi,7.47
epj,5.22
epk,7.25
epl,9.87
epm,9.65
epn,5.52
epo,7.13
epp,5.88
epq,5.68
epr,7.7
eps,5.77
ept,9.71
epu,7.22
epv,8.88
epw,9.71
epx,9.01
epy,9.25
epz,5.13
eqa,7.76
eqb,7.89
eqc,5.63
eqd,9.56
eqe,8.14
eqf,9.46
eqg,5.24
eqh,7.0
eqi,8.59
eqj,9.52
eqk,9.77
eql,9.68
eqm,6.76
eqn,7.61
eqo,5.15
eqp,7.39
eqq,8.39
eqr,9.2
eqs,8.61
eqt,9.65
equ,6.15
eqv,5.6
eqw,7.07
eqx,8.57
eqy,6.19
eqz,9.06
era,5.66
erb,7.76
erc,8.2
erd,8.07
ere,9.61
erf,6.7
erg,5.53
erh,5.31
eri,5.5
erj,5.19
erk,8.23
erl,5.82
erm,5.47
ern,7.78
ero,7.57
erp,9.94
erq,8.11
err,7.04
ers,5.16
ert,9.5
eru,5.0
erv,8.25
erw,8.24
erx,9.78
ery,7.76
erz,5.02
esa,5.01
esb,7.52
esc,9.1
esd,7.36
ese,6.68
esf,5.76
esg,7.68
esh,5.07
esi,6.48
esj,9.35
esk,6.87
esl,9.88
esm,6.34
esn,5.28
eso,7.78
esp,9.86
esq,8.23
esr,8.55
ess,5.01
est,9.51
esu,6.95
esv,9.01
esw,9.03
esx,6.71
esy,7.19
esz,7.48
eta,9.67
etb,7.72
etc,7.09
etd,5.58
ete,6.54
etf,8.47
etg,7.92
eth,8.01
eti,8.06
etj,7.78
etk,9.91
etl,5.45
etm,8.59
etn,5.65
eto,7.88
etp,7.79
etq,8.82
etr,8.32
ets,9.96
ett,6.65
etu,9.61
etv,8.73
etw,8.09
etx,7.53
ety,5.84
etz,9.71
eua,7.63
eub,7.09
euc,9.32
eud,8.69
eue,8.16
euf,8.19
eug,7.91
euh,5.93
eui,9.16
euj,9.46
euk,7.8
eul,5.52
eum,5.59
eun,9.52
euo,8.77
eup,9.87
euq,6.13
eur,6.61
eus,5.99
eut,9.61
euu,6.86
euv,8.68
euw,8.7
eux,7.24
euy,9.44
euz,8.87
eva,7.74
evb,7.97
evc,7.82
evd,8.41
eve,5.69
evf,9.5
evg,8.17
evh,6.2
evi,6.37
evj,7.34
evk,9.25
evl,6.73
evm,9.77
evn,9.87
evo,5.26
evp,8.54
evq,8.23
evr,9.77
evs,9.84
evt,5.04
evu,8.73
evv,5.0
evw,6.24
evx,7.81
evy,6.61
evz,8.48
ewa,6.48
ewb,8.58
ewc,8.5
ewd,8.57
ewe,6.34
ewf,9.25
ewg,8.19
ewh,8.7
ewi,7.95
ewj,7.37
ewk,9.23
ewl,8.85
ewm,5.14
ewn,8.25
ewo,6.65
ewp,7.24
ewq,8.28
ewr,9.55
ews,5.15
ewt,8.93
ewu,9.49
ewv,5.11
eww,6.49
ewx,9.61
ewy,8.98
ewz,8.47
exa,5.23
exb,7.29
exc,7.97
exd,9.22
exe,8.45
exf,6.96
exg,8.57
exh,6.78
exi,8.78
exj,9.83
exk,5.69
exl,9.55
exm,8.75
exn,5.17
exo,7.49
exp,5.9
exq,6.98
exr,8.91
exs,9.23
ext,9.89
exu,8.4
exv,6.14
exw,5.43
exx,5.24
exy,9.84
exz,6.37
eya,7.89
eyb,5.63
eyc,8.59
eyd,7.71
eye,5.61
eyf,6.22
eyg,5.03
eyh,6.56
eyi,8.34
eyj,5.43
eyk,7.53
eyl,6.27
eym,5.6
eyn,8.49
eyo,6.99
eyp,5.3
eyq,9.09
eyr,5.85
eys,5.01
eyt,9.08
eyu,9.35
eyv,6.23
eyw,7.08
eyx,8.78
eyy,6.88
eyz,9.7
eza,7.82
ezb,5.68
ezc,5.06
ezd,5.21
eze,8.58
ezf,6.12
ezg,8.81
ezh,6.15
ezi,6.96
ezj,9.48
ezk,8.8
ezl,7.33
ezm,9.19
ezn,9.46
ezo,8.44
ezp,8.93
ezq,9.71
ezr,8.68
ezs,8.0
ezt,8.81
ezu,8.36
ezv,6.67
ezw,5.79
ezx,8.05
ezy,6.65
ezz,8.6
faa,5.79
fab,7.07
fac,7.08
fad,8.84
fae,8.45
faf,8.33
fag,9.3
fah,6.99
fai,5.74
faj,8.25
fak,6.69
fal,9.84
fam,6.38
fan,5.78
fao,6.68
fap,5.06
faq,6.5
far,9.43
fas,9.28
fat,5.4
fau,5.63
fav,7.41
faw,5.22
fax,5.66
fay,5.21
faz,6.6
fba,6.78
fbb,5.62
fbc,5.11
fbd,8.08
fbe,6.82
fbf,6.78
fbg,6.19
fbh,5.8
fbi,8.85
fbj,8.04
fbk,5.78
fbl,8.27
fbm,8.33
fbn,5.74
fbo,6.61
fbp,8.42
fbq,8.27
fbr,5.71
fbs,8.51
fbt,5.09
fbu,8.53
fbv,6.76
fbw,5.75
fbx,6.03
fby,6.53
fbz,8.96
fca,7.09
fcb,8.37
fcc,6.64
fcd,7.26
fce,8.65
fcf,9.01
fcg,5.91
fch,6.54
fci,6.72
fcj,6.35
fck,8.95
fcl,5.6
fcm,5.01
fcn,9.82
fco,7.11
fcp,7.87
fcq,9.66
fcr,7.76
fcs,5.5
fct,9.2
fcu,7.15
fcv,9.11
fcw,5.85
fcx,6.0
fcy,10.0
fcz,7.34
fda,6.98
fdb,9.97
fdc,8.05
fdd,8.87
fde,9.39
fdf,6.28
fdg,9.95
fdh,9.07
fdi,5.25
fdj,6.19
fdk,7.26
fdl,8.1
fdm,7.14
fdn,8.64
fdo,9.02
fdp,6.18
fdq,8.87
fdr,5.49
fds,8.08
fdt,8.43
fdu,5.17
fdv,8.5
fdw,9.28
fdx,7.5
fdy,9.19
fdz,7.97
fea,8.76
feb,5.82
fec,8.02
fed,8.18
fee,8.8
fef,5.11
feg,7.22
feh,8.6
fei,9.57
fej,5.9
fek,5.47
fel,9.1
fem,8.37
fen,9.79
feo,9.56
fep,5.23
feq,5.99
fer,5.12
fes,6.74
fet,5.45
feu,6.55
fev,8.99
few,8.6
fex,8.12
fey,5.01
fez,6.36
ffa,7.89
ffb,8.68
ffc,9.23
ffd,7.9
ffe,6.12
fff,5.87
ffg,6.66
ffh,6.18
ffi,9.61
ffj,8.35
ffk,5.04
ffl,9.44
ffm,7.23
ffn,9.13
ffo,5.68
ffp,5.92
ffq,9.32
ffr,6.5
ffs,5.34
fft,7.24
ffu,7.37
ffv,7.92
ffw,7.49
ffx,7.82
ffy,5.34
ffz,5.35
fga,7.75
fgb,7.47
fgc,7.86
fgd,6.15
fge,7.32
fgf,8.1
fgg,8.06
fgh,7.63
fgi,5.37
fgj,5.96
fgk,8.9
fgl,6.31
fgm,5.24
fgn,9.17
fgo,8.07
fgp,6.39
fgq,7.43
fgr,8.04
fgs,5.82
fgt,7.65
fgu,8.59
fgv,9.04
fgw,8.34
fgx,5.41
fgy,5.21
fgz,8.4
fha,9.87
fhb,6.97
fhc,9.17
fhd,7.34
fhe,9.3
fhf,9.55
fhg,6.75
fhh,7.7
fhi,5.82
fhj,8.43
fhk,9.02
fhl,7.82
fhm,7.23
fhn,6.05
fho,6.24
fhp,9.6
fhq,6.55
fhr,6.25
fhs,8.86
fht,7.85
fhu,5.04
fhv,5.15
fhw,7.82
fhx,5.45
fhy,5.15
fhz,9.18
fia,6.24
fib,7.83
fic,7.05
fid,7.46
fie,6.66
fif,7.92
fig,7.96
fih,9.1
fii,9.61
fij,6.39
fik,6.84
fil,7.5
fim,9.47
fin,6.91
fio,7.37
fip,9.85
fiq,6.13
fir,5.47
fis,5.28
fit,6.68
fiu,7.07
fiv,9.02
fiw,6.24
fix,5.5
fiy,5.25
fiz,6.74
fja,6.83
fjb,5.16
fjc,7.98
fjd,8.67
fje,7.93
fjf,6.82
fjg,7.8
fjh,8.02
fji,5.99
fjj,6.41
fjk,8.14
fjl,6.63
fjm,8.93
fjn,5.83
fjo,7.28
fjp,5.58
fjq,9.8
fjr,6.5
fjs,9.74
fjt,7.18
fju,8.98
fjv,6.11
fjw,5.87
fjx,6.72
fjy,6.39
fjz,7.94
fka,5.42
fkb,8.9
fkc,7.5
fkd,5.69
fke,5.65
fkf,5.23
fkg,6.31
fkh,7.06
fki,7.21
fkj,6.85
fkk,6.73
fkl,8.92
fkm,7.07
fkn,5.09
fko,5.31
fkp,6.8
fkq,8.23
fkr,8.78
fks,8.5
fkt,5.93
fku,7.6
fkv,8.9
fkw,6.76
fkx,5.9
fky,7.86
fkz,6.76
fla,7.13
flb,6.9
flc,6.46
fld,9.59
fle,6.57
flf,6.55
flg,8.9
flh,7.44
fli,8.1
flj,6.26
flk,6.92
fll,7.43
flm,5.21
fln,9.14
flo,8.16
flp,9.54
flq,5.34
flr,5.38
fls,8.41
flt,7.29
flu,7.25
flv,6.42
flw,6.61
flx,8.21
fly,9.31
flz,6.68
fma,6.29
fmb,5.54
fmc,9.35
fmd,7.21
fme,9.45
fmf,7.95
fmg,6.87
fmh,6.33
fmi,8.1
fmj,8.29
fmk,7.44
fml,5.1
fmm,5.4
fmn,8.13
fmo,7.05
fmp,6.21
fmq,9.19
fmr,7.38
fms,8.66
fmt,9.47
fmu,7.44
fmv,6.51
fmw,6.21
fmx,8.47
fmy,9.89
fmz,7.45
fna,5.4
fnb,7.37
fnc,7.06
fnd,9.06
fne,8.71
fnf,7.05
fng,7.74
fnh,7.27
fni,9.65
fnj,8.65
fnk,9.03
fnl,6.59
fnm,9.83
fnn,6.32
fno,5.84
fnp,6.12
fnq,6.81
fnr,8.62
fns,5.36
fnt,8.8
fnu,7.03
fnv,7.93
fnw,8.48
fnx,9.79
fny,9.19
fnz,6.52
foa,7.04
fob,8.61
foc,7.9
fod,8.9
foe,8.38
fof,5.25
fog,8.82
foh,8.0
foi,7.72
foj,8.77
fok,6.17
fol,7.41
fom,9.19
fon,6.97
foo,7.6
fop,7.34
foq,5.67
for,9.2
fos,7.51
fot,9.11
fou,9.85
fov,5.43
fow,5.08
fox,5.59
foy,6.05
foz,6.79
fpa,7.56
fpb,5.95
fpc,8.03
fpd,5.63
fpe,5.91
fpf,5.48
fpg,9.17
fph,5.85
fpi,5.47
fpj,8.68
fpk,5.65
fpl,7.22
fpm,8.56
fpn,8.68
fpo,7.73
fpp,7.61
fpq,8.67
fpr,8.99
fps,7.73
fpt,9.74
fpu,9.11
fpv,9.4
fpw,8.23
fpx,6.56
fpy,7.99
fpz,5.5
fqa,6.7
fqb,9.07
fqc,6.32
fqd,5.12
fqe,5.73
fqf,6.12
fqg,6.23
fqh,6.33
fqi,7.42
fqj,8.86
fqk,7.81
fql,7.34
fqm,8.11
fqn,5.71
fqo,7.39
fqp,9.02
fqq,10.0
fqr,8.53
fqs,7.99
fqt,9.69
fqu,7.6
fqv,7.52
fqw,9.23
fqx,8.17
fqy,8.67
fqz,7.63
fra,5.33
frb,9.84
frc,9.93
frd,5.41
fre,8.15
frf,6.13
frg,8.06
frh,9.99
fri,9.75
frj,6.18
frk,5.51
frl,6.63
frm,6.44
frn,6.24
fro,9.98
frp,7.17
frq,9.89
frr,8.97
frs,8.68
frt,8.08
fru,8.95
frv,6.92
frw,7.09
frx,6.23
fry,7.76
frz,9.6
fsa,5.65
fsb,7.77
fsc,7.66
fsd,8.07
fse,6.13
fsf,8.2
fsg,6.57
fsh,6.4
fsi,7.57
fsj,6.39
fsk,7.16
fsl,9.73
fsm,8.33
fsn,9.57
fso,6.03
fsp,6.33
fsq,6.41
fsr,5.32
fss,8.25
fst,9.98
fsu,7.22
fsv,8.06
fsw,8.42
fsx,7.3
fsy,7.9
fsz,6.52
fta,5.49
ftb,9.06
ftc,8.3
ftd,5.91
fte,6.83
ftf,8.29
ftg,7.27
fth,7.75
fti,9.87
ftj,9.39
ftk,5.62
ftl,7.63
ftm,7.06
ftn,5.14
fto,6.17
ftp,7.94
ftq,7.97
ftr,7.94
fts,9.21
ftt,6.97
ftu,9.53
ftv,6.48
ftw,8.55
ftx,6.65
fty,8.1
ftz,8.23
fua,9.6
fub,9.02
fuc,6.53
fud,8.89
fue,8.46
fuf,5.17
fug,9.95
fuh,5.27
fui,8.98
fuj,6.11
fuk,7.26
ful,8.31
fum,9.12
fun,9.45
fuo,7.39
fup,7.95
fuq,5.53
fur,5.61
fus,8.74
fut,9.95
fuu,8.71
fuv,6.99
fuw,7.86
fux,5.54
fuy,7.45
fuz,9.18
fva,9.12
fvb,5.45
fvc,8.91
fvd,7.46
fve,9.55
fvf,8.92
fvg,5.93
fvh,5.43
fvi,6.93
fvj,6.15
fvk,9.84
fvl,5.22
fvm,6.03
fvn,8.48
fvo,7.68
fvp,9.58
fvq,8.1
fvr,9.34
fvs,9.58
fvt,6.93
fvu,6.18
fvv,6.75
fvw,9.51
fvx,8.84
fvy,8.09
fvz,9.07
fwa,7.72
fwb,5.83
fwc,8.62
fwd,5.91
fwe,5.11
fwf,6.2
fwg,5.0
fwh,7.68
fwi,5.46
fwj,8.26
fwk,7.61
fwl,6.97
fwm,5.07
fwn,5.44
fwo,8.92
fwp,8.95
fwq,6.96
fwr,8.93
fws,5.18
fwt,9.89
fwu,7.19
fwv,7.76
fww,9.16
fwx,9.04
fwy,5.61
fwz,6.88
fxa,9.84
fxb,9.17
fxc,8.95
fxd,8.04
fxe,6.92
fxf,7.26
fxg,5.02
fxh,7.18
fxi,7.61
fxj,9.01
fxk,6.34
fxl,6.9
fxm,9.15
fxn,9.08
fxo,7.73
fxp,8.62
fxq,5.61
fxr,8.08
fxs,8.48
fxt,5.67
fxu,6.72
fxv,6.01
fxw,9.32
fxx,6.37
fxy,7.42
fxz,9.89
fya,7.65
fyb,5.53
fyc,6.68
fyd,6.49
fye,9.93
fyf,9.09
fyg,7.43
fyh,5.96
fyi,8.63
fyj,9.01
fyk,6.15
fyl,5.04
fym,7.74
fyn,8.9
fyo,5.99
fyp,5.34
fyq,5.69
fyr,8.54
fys,8.09
fyt,6.49
fyu,7.58
fyv,8.62
fyw,9.92
fyx,9.87
fyy,9.29
fyz,9.36
fza,5.81
fzb,9.93
fzc,7.21
fzd,8.83
fze,9.37
fzf,5.18
fzg,7.69
fzh,6.07
fzi,9.95
fzj,7.09
fzk,5.68
fzl,5.73
fzm,6.1
fzn,7.0
fzo,5.78
fzp,5.48
fzq,9.75
fzr,7.21
fzs,6.45
fzt,7.29
fzu,6.78
fzv,5.81
fzw,8.16
fzx,5.68
fzy,8.4
fzz,5.29
gaa,9.61
gab,7.55
gac,6.12
gad,5.08
gae,9.44
gaf,8.62
gag,7.97
gah,9.23
gai,7.09
gaj,7.06
gak,6.35
gal,5.77
gam,7.86
gan,8.4
gao,5.08
gap,8.49
gaq,9.47
gar,7.51
gas,5.59
gat,5.63
gau,7.86
gav,8.08
gaw,5.2
gax,9.78
gay,9.89
gaz,8.9
gba,6.04
gbb,5.48
gbc,6.52
gbd,8.87
gbe,7.62
gbf,7.2
gbg,5.6
gbh,7.71
gbi,8.18
gbj,8.41
gbk,7.92
gbl,7.37
gbm,6.56
gbn,9.55
gbo,6.87
gbp,9.59
gbq,9.24
gbr,9.13
gbs,5.38
gbt,7.59
gbu,6.27
gbv,8.03
gbw,9.75
gbx,7.47
gby,9.68
gbz,8.02
gca,9.97
gcb,9.82
gcc,7.57
gcd,6.76
gce,8.78
gcf,8.11
gcg,8.61
gch,9.68
gci,9.27
gcj,6.37
gck,9.21
gcl,9.77
gcm,9.61
gcn,6.65
gco,6.42
gcp,5.7
gcq,7.45
gcr,6.87
gcs,6.41
gct,8.53
gcu,5.57
gcv,6.59
gcw,7.07
gcx,6.48
gcy,9.88
gcz,6.94
gda,5.55
gdb,9.65
gdc,9.34
gdd,7.99
gde,6.19
gdf,8.79
gdg,9.02
gdh,9.21
gdi,8.93
gdj,8.02
gdk,7.4
gdl,9.81
gdm,7.64
gdn,7.77
gdo,8.75
gdp,7.22
gdq,8.27
gdr,9.08
gds,6.37
gdt,5.79
gdu,5.38
gdv,8.85
gdw,8.39
gdx,7.4
gdy,6.31
gdz,5.32
gea,9.72
geb,8.98
gec,9.4
ged,8.22
gee,6.23
gef,5.47
geg,8.16
geh,5.92
gei,7.34
gej,7.94
gek,7.53
gel,8.58
gem,5.57
gen,8.94
geo,6.18
gep,8.91
geq,6.96
ger,7.48
ges,8.22
get,9.31
geu,6.37
gev,9.94
gew,5.19
gex,6.99
gey,6.77
gez,7.41
gfa,7.69
gfb,8.92
gfc,8.7
gfd,6.71
gfe,5.8
gff,7.34
gfg,6.29
gfh,5.11
gfi,5.03
gfj,6.7
gfk,5.27
gfl,6.69
gfm,8.69
gfn,8.21
gfo,7.93
gfp,7.34
gfq,7.46
gfr,9.86
gfs,7.67
gft,8.61
gfu,7.49
gfv,5.32
gfw,7.57
gfx,7.36
gfy,5.53
gfz,8.44
gga,5.77
ggb,7.84
ggc,6.7
ggd,5.18
gge,8.43
ggf,7.69
ggg,5.29
ggh,6.05
ggi,7.4
ggj,8.23
ggk,6.84
ggl,5.39
ggm,6.36
ggn,9.31
ggo,6.64
ggp,7.54
ggq,8.49
ggr,7.52
ggs,6.61
ggt,7.86
ggu,5.28
ggv,7.24
ggw,8.68
ggx,7.14
ggy,7.41
ggz,7.55
gha,6.06
ghb,8.93
ghc,6.17
ghd,6.18
ghe,8.03
ghf,9.72
ghg,9.56
ghh,8.26
ghi,6.31
ghj,8.23
ghk,9.52
ghl,9.3
ghm,7.61
ghn,9.87
gho,9.69
ghp,5.07
ghq,5.06
ghr,7.44
ghs,6.51
ght,8.49
ghu,6.63
ghv,7.81
ghw,8.42
ghx,9.89
ghy,5.29
ghz,6.1
gia,9.91
gib,5.18
gic,9.79
gid,5.0
gie,5.89
gif,7.61
gig,6.14
gih,6.77
gii,9.75
gij,8.56
gik,6.3
gil,8.15
gim,7.59
gin,9.86
gio,7.82
gip,9.81
giq,9.14
gir,5.88
gis,6.03
git,8.24
giu,7.64
giv,5.95
giw,6.8
gix,5.03
giy,8.9
giz,7.75
gja,5.71
gjb,7.61
gjc,9.88
gjd,5.73
gje,8.17
gjf,5.66
gjg,9.02
gjh,5.58
gji,9.57
gjj,6.25
gjk,6.53
gjl,9.02
gjm,7.85
gjn,8.29
gjo,9.65
gjp,8.5
gjq,7.93
gjr,8.27
gjs,6.76
gjt,9.42
gju,6.57
gjv,5.43
gjw,6.64
gjx,7.55
gjy,8.39
gjz,5.45
gka,8.92
gkb,9.71
gkc,5.8
gkd,5.53
gke,7.05
gkf,5.83
gkg,6.09
gkh,5.54
gki,9.78
gkj,9.86
gkk,5.38
gkl,9.75
gkm,7.11
gkn,7.55
gko,6.04
gkp,7.21
gkq,9.34
gkr,9.29
gks,7.18
gkt,8.4
gku,6.32
gkv,6.27
gkw,9.95
gkx,5.97
gky,9.46
gkz,7.44
gla,9.89
glb,7.0
glc,8.91
gld,7.02
gle,5.39
glf,9.96
glg,6.53
glh,5.41
gli,6.94
glj,8.96
glk,8.86
gll,7.08
glm,6.61
gln,5.73
glo,7.38
glp,6.99
glq,8.65
glr,7.03
gls,6.96
glt,8.99
glu,6.2
glv,8.69
glw,5.81
glx,5.88
gly,6.47
glz,9.55
gma,6.06
gmb,8.63
gmc,7.81
gmd,5.97
gme,5.75
gmf,7.73
gmg,6.95
gmh,6.5
gmi,6.84
gmj,7.15
gmk,6.37
gml,5.09
gmm,9.05
gmn,6.34
gmo,5.65
gmp,6.21
gmq,8.59
gmr,8.99
gms,6.29
gmt,6.91
gmu,7.07
gmv,9.06
gmw,5.84
gmx,7.59
gmy,8.55
gmz,5.91
gna,8.18
gnb,9.75
gnc,7.7
gnd,7.25
gne,9.67
gnf,7.41
gng,6.71
gnh,5.7
gni,6.62
gnj,5.11
gnk,9.05
gnl,6.42
gnm,8.86
gnn,5.0
gno,5.65
gnp,6.33
gnq,6.16
gnr,6.22
gns,6.28
gnt,9.76
gnu,6.27
gnv,5.06
gnw,5.17
gnx,6.52
gny,5.25
gnz,5.46
goa,7.5
gob,6.94
goc,8.76
god,7.66
goe,5.32
gof,9.81
gog,5.88
goh,5.84
goi,9.82
goj,9.77
gok,9.89
gol,6.59
gom,5.55
gon,5.7
goo,8.09
gop,7.37
goq,7.56
gor,8.77
gos,5.74
got,7.02
gou,9.03
gov,9.24
gow,8.19
gox,5.1
goy,7.93
goz,9.03
gpa,6.84
gpb,7.69
gpc,8.74
gpd,7.92
gpe,8.52
gpf,7.8
gpg,6.98
gph,8.73
gpi,7.2
gpj,5.97
gpk,9.53
gpl,9.33
gpm,5.0
gpn,5.04
gpo,6.8
gpp,5.94
gpq,6.36
gpr,5.74
gps,6.34
gpt,7.59
gpu,7.7
gpv,8.96
gpw,8.22
gpx,9.04
gpy,9.84
gpz,6.25
gqa,8.62
gqb,6.54
gqc,6.43
gqd,6.07
gqe,6.33
gqf,7.35
gqg,7.93
gqh,8.49
gqi,9.99
gqj,9.61
gqk,6.94
gql,8.82
gqm,9.2
gqn,5.98
gqo,9.86
gqp,5.03
gqq,5.39
gqr,5.05
gqs,8.58
gqt,8.53
gqu,5.0
gqv,5.76
gqw,9.78
gqx,5.88
gqy,7.9
gqz,6.63
gra,9.65
grb,9.51
grc,5.14
grd,9.5
gre,6.13
grf,5.94
grg,7.14
grh,5.14
gri,5.04
grj,9.9
grk,7.08
grl,7.52
grm,5.72
grn,7.36
gro,9.56
grp,5.87
grq,8.64
grr,8.1
grs,6.83
grt,8.83
gru,9.49
grv,8.42
grw,7.09
grx,9.78
gry,6.44
grz,6.15
gsa,6.01
gsb,9.54
gsc,6.2
gsd,8.29
gse,8.98
gsf,6.4
gsg,7.39
gsh,7.88
gsi,8.41
gsj,6.71
gsk,6.98
gsl,6.04
gsm,9.96
gsn,8.93
gso,7.62
gsp,7.11
gsq,7.58
gsr,7.01
gss,5.41
gst,8.44
gsu,5.0
gsv,6.86
gsw,6.73
gsx,5.72
gsy,8.92
gsz,5.61
gta,6.71
gtb,5.31
gtc,8.41
gtd,6.99
gte,9.47
gtf,7.56
gtg,9.78
gth,5.11
gti,7.92
gtj,5.83
gtk,7.67
gtl,5.7
gtm,5.85
gtn,6.49
gto,6.37
gtp,8.54
gtq,8.16
gtr,6.66
gts,8.19
gtt,8.78
gtu,9.04
gtv,8.49
gtw,7.92
gtx,9.99
gty,8.13
gtz,8.35
gua,7.04
gub,6.79
guc,6.76
gud,9.73
gue,7.57
guf,7.83
gug,5.78
guh,8.12
gui,7.53
guj,8.53
guk,9.99
gul,5.56
gum,5.99
gun,8.49
guo,5.03
gup,5.51
guq,7.74
gur,5.54
gus,7.59
gut,8.21
guu,9.8
guv,5.91
guw,9.96
gux,6.51
guy,6.77
guz,7.96
gva,8.04
gvb,9.32
gvc,8.28
gvd,6.25
gve,9.1
gvf,7.93
gvg,8.07
gvh,6.21
gvi,8.67
gvj,9.26
gvk,5.94
gvl,8.99
gvm,6.98
gvn,6.46
gvo,8.82
gvp,7.75
gvq,8.89
gvr,5.09
gvs,6.88
gvt,8.51
gvu,8.7
gvv,9.26
gvw,6.17
gvx,8.71
gvy,6.27
gvz,9.24
gwa,8.65
gwb,6.17
gwc,9.94
gwd,8.19
gwe,5.49
gwf,8.53
gwg,8.06
gwh,6.57
gwi,5.39
gwj,8.07
gwk,5.6
gwl,5.17
gwm,7.17
gwn,8.03
gwo,5.14
gwp,6.62
gwq,8.38
gwr,8.53
gws,9.99
gwt,5.86
gwu,5.06
gwv,6.04
gww,6.55
gwx,5.83
gwy,8.4
gwz,6.89
gxa,6.44
gxb,8.35
gxc,6.99
gxd,9.03
gxe,5.16
gxf,5.68
gxg,6.94
gxh,6.75
gxi,6.87
gxj,8.08
gxk,9.41
gxl,7.35
gxm,7.29
gxn,9.38
gxo,8.61
gxp,8.98
gxq,8.05
gxr,8.9
gxs,6.71
gxt,7.07
gxu,9.45
gxv,5.97
gxw,6.59
gxx,9.44
gxy,6.62
gxz,6.57
gya,6.83
gyb,9.6
gyc,6.27
gyd,7.5
gye,9.34
gyf,6.52
gyg,5.16
gyh,9.94
gyi,5.28
gyj,8.74
gyk,7.85
gyl,8.61
gym,8.89
gyn,9.58
gyo,8.59
gyp,8.53
gyq,6.35
gyr,7.8
gys,5.52
gyt,6.81
gyu,6.16
gyv,6.31
gyw,7.24
gyx,9.28
gyy,6.87
gyz,8.41
gza,7.26
gzb,6.06
gzc,6.58
gzd,5.23
gze,8.27
gzf,5.54
gzg,5.89
gzh,6.25
gzi,8.8
gzj,9.15
gzk,5.27
gzl,5.03
gzm,7.85
gzn,6.37
gzo,5.79
gzp,8.91
gzq,6.1
gzr,7.23
gzs,7.68
gzt,8.9
gzu,8.59
gzv,9.21
gzw,6.5
gzx,8.79
gzy,7.61
gzz,7.11
haa,9.42
hab,9.45
hac,5.54
had,8.23
hae,9.07
haf,8.96
hag,7.16
hah,6.84
hai,8.19
haj,8.39
hak,5.0
hal,9.25
ham,6.88
han,5.37
hao,9.34
hap,7.77
haq,5.64
har,5.89
has,9.44
hat,8.22
hau,7.4
hav,5.44
haw,8.47
hax,6.56
hay,7.38
haz,5.98
hba,6.04
hbb,9.81
hbc,5.41
hbd,6.96
hbe,6.49
hbf,7.43
hbg,8.33
hbh,7.13
hbi,6.75
hbj,9.23
hbk,8.05
hbl,9.55
hbm,8.29
hbn,6.68
hbo,8.04
hbp,5.72
hbq,8.74
hbr,7.41
hbs,9.95
hbt,8.68
hbu,7.28
hbv,6.36
hbw,8.69
hbx,7.0
hby,5.8
hbz,8.71
hca,7.97
hcb,5.13
hcc,6.8
hcd,6.02
hce,8.46
hcf,7.8
hcg,6.15
hch,9.1
hci,5.75
hcj,5.71
hck,7.6
hcl,6.6
hcm,6.47
hcn,5.37
hco,9.25
hcp,7.04
hcq,5.9
hcr,7.08
hcs,8.42
hct,6.6
hcu,9.9
hcv,6.84
hcw,5.68
hcx,5.69
hcy,5.67
hcz,9.56
hda,5.98
hdb,5.29
hdc,6.27
hdd,8.17
hde,9.99
hdf,9.38
hdg,7.09
hdh,7.19
hdi,6.95
hdj,8.49
hdk,9.36
hdl,9.55
hdm,5.74
hdn,9.87
hdo,5.92
hdp,9.77
hdq,6.19
hdr,5.16
hds,6.92
hdt,8.38
hdu,6.96
hdv,6.11
hdw,9.27
hdx,6.33
hdy,6.64
hdz,8.5
hea,8.29
heb,8.76
hec,5.58
hed,6.12
hee,7.38
hef,8.21
heg,9.21
heh,5.52
hei,5.98
hej,6.09
hek,7.24
hel,5.02
hem,9.73
hen,9.03
heo,7.06
hep,5.51
heq,7.14
her,5.38
hes,7.11
het,8.11
heu,9.56
hev,5.72
hew,7.16
hex,9.83
hey,6.77
hez,8.55
hfa,7.96
hfb,9.1
hfc,9.44
hfd,5.05
hfe,5.86
hff,8.74
hfg,7.15
hfh,8.66
hfi,8.93
hfj,8.69
hfk,5.45
hfl,9.21
hfm,7.64
hfn,8.75
hfo,6.61
hfp,6.46
hfq,7.32
hfr,7.75
hfs,6.54
hft,9.52
hfu,7.31
hfv,8.94
hfw,7.27
hfx,8.11
hfy,9.03
hfz,8.79
hga,9.46
hgb,8.12
hgc,7.5
hgd,8.23
hge,9.65
hgf,6.35
hgg,7.91
hgh,7.89
hgi,9.23
hgj,8.51
hgk,5.87
hgl,6.63
hgm,9.3
hgn,9.25
hgo,5.23
hgp,8.55
hgq,9.97
hgr,8.2
hgs,8.27
hgt,5.55
hgu,8.34
hgv,9.14
hgw,7.14
hgx,7.38
hgy,8.76
hgz,7.4
hha,8.44
hhb,5.59
hhc,6.62
hhd,9.01
hhe,6.29
hhf,7.01
hhg,7.99
hhh,9.46
hhi,7.25
hhj,6.51
hhk,8.16
hhl,6.79
hhm,9.86
hhn,7.58
hho,9.41
hhp,6.65
hhq,7.1
hhr,9.92
hhs,6.46
hht,5.94
hhu,5.29
hhv,8.73
hhw,9.41
hhx,7.78
hhy,6.93
hhz,7.07
hia,9.64
hib,5.31
hic,6.01
hid,8.98
hie,7.23
hif,9.45
hig,9.14
hih,6.79
hii,7.66
hij,6.38
hik,5.82
hil,9.52
him,6.88
hin,5.8
hio,8.4
hip,7.91
hiq,5.04
hir,6.12
his,5.13
hit,9.2
hiu,6.39
hiv,9.25
hiw,9.53
hix,7.19
hiy,6.07
hiz,6.78
hja,9.26
hjb,9.08
hjc,7.09
hjd,5.83
hje,9.18
hjf,9.28
hjg,7.38
hjh,9.36
hji,8.24
hjj,9.16
hjk,9.65
hjl,8.96
hjm,9.13
hjn,5.08
hjo,6.21
hjp,9.1
hjq,9.22
hjr,7.24
hjs,5.79
hjt,6.6
hju,8.21
hjv,6.34
hjw,9.08
hjx,7.14
hjy,6.22
hjz,5.42
hka,7.0
hkb,7.27
hkc,8.27
hkd,5.8
hke,5.66
hkf,7.45
hkg,5.23
hkh,8.1
hki,5.11
hkj,7.81
hkk,6.28
hkl,7.09
hkm,6.52
hkn,5.0
hko,6.43
hkp,9.6
hkq,9.65
hkr,7.15
hks,9.59
hkt,8.42
hku,9.43
hkv,5.96
hkw,5.86
hkx,9.93
hky,5.54
hkz,6.1
hla,9.71
hlb,9.61
hlc,7.8
hld,5.42
hle,8.38
hlf,8.97
hlg,5.92
hlh,8.46
hli,9.54
hlj,7.72
hlk,9.55
hll,8.79
hlm,6.77
hln,7.34
hlo,5.89
hlp,5.88
hlq,7.65
hlr,5.28
hls,7.43
hlt,7.11
hlu,9.07
hlv,8.39
hlw,9.88
hlx,9.49
hly,7.14
hlz,9.59
hma,8.6
hmb,7.61
hmc,7.99
hmd,5.23
hme,8.01
hmf,8.94
hmg,9.58
hmh,5.92
hmi,6.48
hmj,6.53
hmk,8.66
hml,5.07
hmm,9.96
hmn,7.33
hmo,7.92
hmp,9.31
hmq,8.88
hmr,5.81
hms,7.87
hmt,5.89
hmu,7.34
hmv,9.79
hmw,9.61
hmx,5.97
hmy,8.97
hmz,7.93
hna,9.24
hnb,6.37
hnc,6.25
hnd,9.49
hne,8.24
hnf,7.51
hng,8.1
hnh,8.98
hni,9.39
hnj,7.26
hnk,8.64
hnl,9.24
hnm,8.51
hnn,8.62
hno,9.76
hnp,9.07
hnq,8.65
hnr,9.04
hns,8.21
hnt,9.29
hnu,7.73
hnv,9.23
hnw,9.8
hnx,6.82
hny,7.01
hnz,9.34
hoa,7.67
hob,5.19
hoc,8.98
hod,7.35
hoe,6.22
hof,8.1
hog,8.35
hoh,6.24
hoi,9.98
hoj,9.99
hok,7.5
hol,5.76
hom,10.0
hon,5.53
hoo,6.26
hop,7.4
hoq,5.83
hor,9.52
hos,5.01
hot,5.81
hou,5.25
hov,5.9
how,9.9
hox,8.46
hoy,9.49
hoz,8.12
hpa,7.25
hpb,5.85
hpc,6.02
hpd,5.59
hpe,5.64
hpf,9.88
hpg,8.68
hph,6.93
hpi,9.04
hpj,9.28
hpk,6.05
hpl,8.78
hpm,9.21
hpn,6.75
hpo,6.01
hpp,9.02
hpq,9.88
hpr,9.94
hps,5.04
hpt,5.24
hpu,6.73
hpv,5.55
hpw,8.93
hpx,7.64
hpy,6.69
hpz,7.45
hqa,8.2
hqb,8.62
hqc,8.4
hqd,6.72
hqe,9.22
hqf,6.26
hqg,8.74
hqh,6.87
hqi,6.2
hqj,7.71
hqk,6.61
hql,6.65
hqm,9.94
hqn,8.14
hqo,7.23
hqp,7.67
hqq,6.42
hqr,8.41
hqs,6.35
hqt,6.36
hqu,5.81
hqv,7.29
hqw,8.22
hqx,5.74
hqy,8.33
hqz,7.43
hra,8.78
hrb,7.18
hrc,9.47
hrd,6.0
hre,5.48
hrf,9.25
hrg,6.41
hrh,6.49
hri,5.06
hrj,9.17
hrk,5.13
hrl,7.95
hrm,8.89
hrn,9.18
hro,8.25
hrp,7.35
hrq,7.7
hrr,7.74
hrs,7.57
hrt,6.89
hru,8.4
hrv,9.36
hrw,6.03
hrx,8.22
hry,5.6
hrz,9.45
hsa,9.67
hsb,9.47
hsc,5.59
hsd,6.23
hse,9.12
hsf,5.26
hsg,6.07
hsh,5.04
hsi,5.11
hsj,7.13
hsk,7.35
hsl,5.21
hsm,5.64
hsn,6.26
hso,8.48
hsp,6.68
hsq,8.55
hsr,5.32
hss,9.23
hst,5.29
hsu,9.58
hsv,8.46
hsw,9.53
hsx,8.25
hsy,5.34
hsz,9.71
hta,5.41
htb,9.44
htc,7.86
htd,8.06
hte,6.94
htf,5.39
htg,5.04
hth,6.09
hti,7.51
htj,6.83
htk,9.25
htl,6.15
htm,8.82
htn,5.13
hto,7.43
htp,7.19
htq,9.21
htr,7.79
hts,9.7
htt,6.84
htu,5.56
htv,9.31
htw,6.02
htx,5.23
hty,5.85
htz,8.5
hua,8.06
hub,8.5
huc,6.17
hud,9.96
hue,8.64
huf,8.06
hug,9.84
huh,5.03
hui,9.86
huj,9.55
huk,7.85
hul,7.86
hum,6.74
hun,6.87
huo,7.86
hup,8.04
huq,7.25
hur,6.31
hus,7.58
hut,8.34
huu,8.43
huv,7.25
huw,7.37
hux,8.49
huy,7.01
huz,6.65
hva,8.74
hvb,7.27
hvc,5.53
hvd,5.26
hve,8.89
hvf,9.18
hvg,5.39
hvh,5.42
hvi,8.47
hvj,7.57
hvk,6.59
hvl,8.31
hvm,5.64
hvn,8.11
hvo,5.74
hvp,7.53
hvq,9.46
hvr,6.8
hvs,9.51
hvt,7.66
hvu,7.49
hvv,8.99
hvw,8.21
hvx,8.48
hvy,6.33
hvz,6.8
hwa,8.52
hwb,7.24
hwc,7.21
hwd,8.14
hwe,9.82
hwf,6.88
hwg,5.01
hwh,7.81
hwi,6.83
hwj,6.81
hwk,5.12
hwl,9.44
hwm,7.34
hwn,7.63
hwo,7.04
hwp,5.46
hwq,7.3
hwr,5.08
hws,7.73
hwt,5.89
hwu,5.29
hwv,6.12
hww,8.06
hwx,5.6
hwy,6.15
hwz,7.14
hxa,8.5
hxb,5.27
hxc,5.93
hxd,7.92
hxe,6.55
hxf,8.15
hxg,6.35
hxh,5.59
hxi,9.72
hxj,8.01
hxk,8.77
hxl,8.31
hxm,6.48
hxn,9.72
hxo,8.37
hxp,5.58
hxq,8.13
hxr,9.18
hxs,8.22
hxt,5.09
hxu,6.95
hxv,5.33
hxw,9.73
hxx,8.69
hxy,5.78
hxz,9.76
hya,5.42
hyb,8.8
hyc,6.33
hyd,5.33
hye,8.12
hyf,5.9
hyg,7.1
hyh,6.74
hyi,7.66
hyj,6.02
hyk,5.61
hyl,7.55
hym,8.4
hyn,5.46
hyo,5.14
hyp,8.27
hyq,7.24
hyr,5.56
hys,5.42
hyt,7.99
hyu,9.79
hyv,5.5
hyw,5.39
hyx,5.61
hyy,6.93
hyz,7.31
hza,7.17
hzb,6.78
hzc,5.82
hzd,9.42
hze,9.76
hzf,6.28
hzg,8.3
hzh,9.18
hzi,6.07
hzj,8.95
hzk,9.06
hzl,8.37
hzm,7.87
hzn,6.8
hzo,6.95
hzp,5.0
hzq,8.66
hzr,8.55
hzs,9.02
hzt,6.05
hzu,6.84
hzv,9.31
hzw,7.1
hzx,8.0
hzy,6.88
hzz,8.12
iaa,5.29
iab,8.64
iac,9.05
iad,8.67
iae,6.55
iaf,9.99
iag,8.46
iah,5.37
iai,9.57
iaj,7.83
iak,5.23
ial,8.9
iam,8.47
ian,5.21
iao,8.38
iap,8.16
iaq,9.54
iar,5.47
ias,7.64
iat,6.47
iau,6.55
iav,9.89
iaw,9.02
iax,8.16
iay,8.57
iaz,5.98
iba,7.56
ibb,8.43
ibc,9.02
ibd,9.92
ibe,5.37
ibf,6.87
ibg,5.34
ibh,5.99
ibi,8.91
ibj,7.49
ibk,6.34
ibl,6.44
ibm,5.98
ibn,5.84
ibo,5.68
ibp,5.85
ibq,7.72
ibr,8.66
ibs,5.34
ibt,6.35
ibu,9.76
ibv,5.62
ibw,8.11
ibx,7.36
iby,5.74
ibz,7.48
ica,8.91
icb,8.62
icc,6.65
icd,8.91
ice,8.84
icf,8.38
icg,5.16
ich,6.3
ici,6.82
icj,9.16
ick,8.19
icl,5.34
icm,8.15
icn,8.22
ico,7.44
icp,9.62
icq,7.45
icr,8.19
ics,5.51
ict,6.98
icu,7.55
icv,9.84
icw,8.65
icx,8.92
icy,9.04
icz,9.57
ida,9.93
idb,5.48
idc,5.6
idd,7.89
ide,9.45
idf,9.9
idg,6.47
idh,5.81
idi,9.91
idj,5.48
idk,8.82
idl,7.75
idm,8.6
idn,7.79
ido,8.38
idp,7.31
idq,6.61
idr,8.06
ids,9.74
idt,7.29
idu,6.24
idv,7.69
idw,8.39
idx,7.87
idy,6.18
idz,5.04
iea,6.05
ieb,6.06
iec,5.49
ied,5.48
iee,9.06
ief,5.35
ieg,9.54
ieh,9.48
iei,9.34
iej,9.63
iek,7.83
iel,5.19
iem,7.73
ien,9.98
ieo,7.46
iep,5.59
ieq,5.49
ier,7.16
ies,6.76
iet,7.71
ieu,8.55
iev,6.02
iew,7.88
iex,6.47
iey,9.84
iez,5.66
ifa,7.31
ifb,6.62
ifc,7.41
ifd,5.6
ife,8.33
iff,8.94
ifg,6.31
ifh,5.62
ifi,7.29
ifj,7.44
ifk,8.51
ifl,7.14
ifm,8.5
ifn,9.17
ifo,5.13
ifp,6.02
ifq,6.46
ifr,8.62
ifs,6.69
ift,5.5
ifu,5.78
ifv,9.91
ifw,7.32
ifx,5.19
ify,5.95
ifz,8.45
iga,5.33
igb,8.07
igc,6.55
igd,8.37
ige,8.67
igf,9.95
igg,5.36
igh,5.25
igi,5.46
igj,5.32
igk,8.77
igl,7.55
igm,9.12
ign,8.61
igo,5.32
igp,5.89
igq,6.47
igr,5.67
igs,8.84
igt,5.45
igu,9.33
igv,7.84
igw,5.48
igx,7.63
igy,7.43
igz,6.3
iha,9.88
ihb,6.91
ihc,8.33
ihd,8.46
ihe,6.66
ihf,5.4
ihg,7.43
ihh,6.68
ihi,7.6
ihj,8.05
ihk,9.69
ihl,8.26
ihm,6.15
ihn,7.39
iho,7.01
ihp,9.03
ihq,8.23
ihr,7.42
ihs,6.56
iht,8.48
ihu,9.06
ihv,7.79
ihw,7.06
ihx,9.03
ihy,6.9
ihz,9.22
iia,5.78
iib,9.47
iic,8.0
iid,7.04
iie,9.43
iif,7.98
iig,9.9
iih,9.74
iii,7.49
iij,8.19
iik,9.51
iil,7.27
iim,7.03
iin,6.31
iio,5.31
iip,8.62
iiq,9.86
iir,6.44
iis,5.4
iit,5.95
iiu,6.63
iiv,7.8
iiw,6.27
iix,7.73
iiy,6.5
iiz,5.5
ija,6.12
ijb,9.05
ijc,9.46
ijd,6.66
ije,6.9
ijf,6.68
ijg,5.19
ijh,7.72
iji,9.27
ijj,6.33
ijk,6.63
ijl,9.79
ijm,7.45
ijn,7.78
ijo,6.76
ijp,5.42
ijq,5.86
ijr,9.48
ijs,5.31
ijt,6.24
iju,7.92
ijv,8.35
ijw,8.62
ijx,9.31
ijy,8.5
ijz,9.41
ika,7.52
ikb,8.84
ikc,8.32
ikd,8.61
ike,9.75
ikf,6.51
ikg,5.98
ikh,6.5
iki,9.82
ikj,5.33
ikk,9.04
ikl,8.89
ikm,5.27
ikn,6.22
iko,7.04
ikp,5.68
ikq,9.48
ikr,9.67
iks,9.23
ikt,8.03
iku,6.4
ikv,7.63
ikw,9.03
ikx,7.17
iky,6.61
ikz,5.41
ila,7.57
ilb,7.07
ilc,6.67
ild,9.9
ile,9.02
ilf,7.69
ilg,9.87
ilh,7.85
ili,7.82
ilj,5.12
ilk,5.14
ill,8.14
ilm,5.53
iln,6.42
ilo,5.88
ilp,6.12
ilq,9.99
ilr,8.0
ils,8.09
ilt,5.21
ilu,9.35
ilv,9.16
ilw,6.58
ilx,8.52
ily,8.19
ilz,6.01
ima,9.08
imb,5.87
imc,6.7
imd,7.94
ime,6.68
imf,9.03
img,6.12
imh,9.45
imi,8.87
imj,5.5
imk,9.65
iml,5.4
imm,6.48
imn,8.65
imo,6.56
imp,5.93
imq,7.4
imr,5.89
ims,7.07
imt,5.85
imu,6.39
imv,9.52
imw,8.28
imx,9.8
imy,7.14
imz,7.41
ina,8.92
inb,5.8
inc,6.39
ind,8.94
ine,8.55
inf,6.25
ing,9.89
inh,8.87
ini,7.98
inj,5.62
ink,8.96
inl,5.88
inm,5.06
inn,8.52
ino,6.63
inp,7.13
inq,6.56
inr,8.42
ins,8.51
int,8.85
inu,8.97
inv,9.26
inw,7.16
inx,7.94
iny,5.14
inz,9.03
ioa,6.72
iob,5.09
ioc,7.09
iod,7.95
ioe,8.73
iof,5.88
iog,6.61
ioh,7.05
ioi,5.31
ioj,9.62
iok,9.65
iol,8.89
iom,9.77
ion,5.47
ioo,8.09
iop,7.35
ioq,5.16
ior,9.99
ios,9.16
iot,8.5
iou,7.0
iov,8.89
iow,9.13
iox,5.63
ioy,6.39
ioz,6.93
ipa,5.72
ipb,5.01
ipc,9.88
ipd,7.35
ipe,8.19
ipf,7.06
ipg,7.27
iph,8.2
ipi,6.58
ipj,7.69
ipk,5.21
ipl,7.55
ipm,6.34
ipn,7.13
ipo,8.91
ipp,6.92
ipq,7.23
ipr,6.14
ips,9.72
ipt,8.03
ipu,7.74
ipv,6.91
ipw,6.35
ipx,8.22
ipy,5.58
ipz,6.72
iqa,7.9
iqb,6.62
iqc,9.34
iqd,9.5
iqe,8.34
iqf,6.42
iqg,7.68
iqh,9.21
iqi,7.22
iqj,5.51
iqk,8.83
iql,8.17
iqm,9.29
iqn,5.09
iqo,8.52
iqp,9.93
iqq,7.61
iqr,9.68
iqs,6.88
iqt,9.67
iqu,6.65
iqv,5.29
iqw,6.04
iqx,9.38
iqy,8.81
iqz,7.79
ira,5.68
irb,7.98
irc,5.57
ird,6.53
ire,6.75
irf,6.54
irg,6.85
irh,5.03
iri,9.12
irj,6.41
irk,7.31
irl,9.17
irm,8.39
irn,7.51
iro,5.49
irp,9.22
irq,7.45
irr,9.49
irs,8.68
irt,8.31
iru,8.38
irv,6.44
irw,6.11
irx,5.35
iry,6.4
irz,5.69
isa,6.71
isb,5.26
isc,6.79
isd,8.35
ise,8.96
isf,9.6
isg,8.57
ish,6.86
isi,6.76
isj,6.87
isk,8.99
isl,6.07
ism,6.71
isn,8.9
iso,9.85
isp,9.88
isq,5.92
isr,9.08
iss,8.11
ist,9.49
isu,9.44
isv,5.46
isw,7.94
isx,8.34
isy,5.79
isz,5.47
ita,7.78
itb,5.83
itc,6.74
itd,6.18
ite,7.8
itf,7.15
itg,6.85
ith,7.97
iti,6.52
itj,7.82
itk,7.19
itl,7.21
itm,9.99
itn,8.35
ito,7.29
itp,7.57
itq,9.75
itr,6.2
its,6.12
itt,6.23
itu,6.93
itv,8.42
itw,7.82
itx,8.52
ity,5.31
itz,6.97
iua,8.64
iub,5.67
iuc,7.12
iud,8.37
iue,7.98
iuf,8.79
iug,6.05
iuh,8.5
iui,7.38
iuj,5.01
iuk,8.63
iul,8.46
ium,5.89
iun,5.05
iuo,9.67
iup,7.48
iuq,6.11
iur,9.81
ius,6.22
iut,6.83
iuu,8.39
iuv,6.98
iuw,9.57
iux,7.1
iuy,5.95
iuz,6.23
iva,8.25
ivb,7.17
ivc,6.18
ivd,6.44
ive,7.53
ivf,8.58
ivg,9.17
ivh,8.24
ivi,9.35
ivj,8.76
ivk,5.36
ivl,7.96
ivm,9.71
ivn,5.55
ivo,6.88
ivp,5.47
ivq,6.64
ivr,8.15
ivs,8.51
ivt,5.88
ivu,9.9
ivv,5.09
ivw,5.76
ivx,7.44
ivy,9.24
ivz,7.7
iwa,5.98
iwb,8.44
iwc,5.5
iwd,6.87
iwe,6.31
iwf,8.75
iwg,6.73
iwh,9.78
iwi,8.47
iwj,9.62
iwk,5.77
iwl,8.45
iwm,5.95
iwn,8.55
iwo,5.06
iwp,6.56
iwq,9.51
iwr,5.54
iws,9.16
iwt,8.73
iwu,9.77
iwv,9.13
iww,5.43
iwx,6.99
iwy,7.38
iwz,5.13
ixa,5.16
ixb,8.37
ixc,5.9
ixd,9.5
ixe,5.6
ixf,5.98
ixg,9.58
ixh,8.95
ixi,9.43
ixj,9.58
ixk,5.36
ixl,8.87
ixm,7.94
ixn,6.9
ixo,8.98
ixp,8.13
ixq,8.41
ixr,5.32
ixs,5.7
ixt,9.46
ixu,5.19
ixv,7.76
ixw,7.95
ixx,5.45
ixy,7.77
ixz,5.12
iya,9.79
iyb,8.28
iyc,5.88
iyd,10.0
iye,9.14
iyf,8.8
iyg,9.56
iyh,9.72
iyi,9.07
iyj,9.99
iyk,9.69
iyl,6.24
iym,8.6
iyn,6.2
iyo,7.59
iyp,9.83
iyq,7.95
iyr,6.09
iys,8.73
iyt,6.94
iyu,9.49
iyv,8.45
iyw,9.07
iyx,5.57
iyy,5.55
iyz,8.29
iza,9.04
izb,6.16
izc,8.5
izd,9.1
ize,6.26
izf,5.79
izg,8.63
izh,7.96
izi,9.03
izj,8.93
izk,5.42
izl,9.68
izm,9.34
izn,5.33
izo,7.3
izp,7.98
izq,6.96
izr,9.33
izs,7.85
izt,6.96
izu,9.39
izv,7.63
izw,7.37
izx,8.64
izy,9.63
izz,5.87
jaa,9.05
jab,9.87
jac,9.77
jad,7.63
jae,9.79
jaf,7.89
jag,7.76
jah,5.32
jai,7.58
jaj,7.43
jak,9.28
jal,8.13
jam,5.09
jan,8.47
jao,5.62
jap,9.2
jaq,7.56
jar,5.0
jas,6.43
jat,9.37
jau,10.0
jav,9.55
jaw,7.99
jax,6.82
jay,8.01
jaz,9.11
jba,9.29
jbb,9.56
jbc,8.12
jbd,8.36
jbe,9.69
jbf,6.7
jbg,8.13
jbh,5.05
jbi,7.93
jbj,9.72
jbk,5.48
jbl,6.66
jbm,6.61
jbn,5.35
jbo,8.1
jbp,9.79
jbq,6.6
jbr,9.09
jbs,5.55
jbt,8.5
jbu,9.83
jbv,6.2
jbw,8.33
jbx,9.62
jby,7.4
jbz,9.39
jca,5.7
jcb,7.44
jcc,9.91
jcd,6.77
jce,9.95
jcf,8.93
jcg,6.51
jch,5.42
jci,6.38
jcj,9.23
jck,9.1
jcl,9.51
jcm,9.11
jcn,8.31
jco,7.72
jcp,7.12
jcq,9.26
jcr,7.04
jcs,7.32
jct,9.21
jcu,6.44
jcv,9.93
jcw,6.68
jcx,9.93
jcy,5.69
jcz,6.74
jda,6.33
jdb,6.79
jdc,8.39
jdd,8.27
jde,9.78
jdf,7.95
jdg,9.93
jdh,8.9
jdi,6.93
jdj,5.33
jdk,5.06
jdl,7.98
jdm,8.45
jdn,9.23
jdo,5.76
jdp,8.4
jdq,8.65
jdr,5.5
jds,5.7
jdt,9.8
jdu,5.31
jdv,8.85
jdw,7.18
jdx,7.67
jdy,9.35
jdz,6.89
jea,7.92
jeb,6.17
jec,5.72
jed,7.23
jee,5.73
jef,9.11
jeg,9.93
jeh,8.1
jei,8.99
jej,6.16
jek,5.2
jel,6.83
jem,7.37
jen,8.57
jeo,8.08
jep,8.34
jeq,8.49
jer,5.69
jes,8.93
jet,7.87
jeu,6.12
jev,8.14
jew,6.8
jex,5.0
jey,8.68
jez,9.42
jfa,8.64
jfb,9.88
jfc,9.27
jfd,6.02
jfe,8.67
jff,5.41
jfg,8.1
jfh,5.43
jfi,5.22
jfj,5.84
jfk,9.03
jfl,5.61
jfm,5.51
jfn,7.76
jfo,6.54
jfp,9.77
jfq,6.6
jfr,5.88
jfs,7.04
jft,9.43
jfu,6.46
jfv,6.44
jfw,6.9
jfx,7.64
jfy,8.68
jfz,6.08
jga,5.1
jgb,6.78
jgc,8.6
jgd,8.91
jge,7.08
jgf,8.04
jgg,5.58
jgh,6.02
jgi,6.56
jgj,6.94
jgk,7.59
jgl,8.05
jgm,5.87
jgn,8.88
jgo,6.14
jgp,9.08
jgq,8.02
jgr,9.41
jgs,8.44
jgt,5.76
jgu,8.71
jgv,7.9
jgw,8.42
jgx,8.77
jgy,6.73
jgz,6.62
jha,6.56
jhb,9.08
jhc,9.17
jhd,7.14
jhe,7.11
jhf,6.32
jhg,9.75
jhh,9.97
jhi,7.86
jhj,8.43
jhk,9.89
jhl,7.52
jhm,5.89
jhn,6.22
jho,9.87
jhp,7.4
jhq,5.24
jhr,9.28
jhs,5.02
jht,5.78
jhu,5.86
jhv,8.79
jhw,7.52
jhx,5.44
jhy,7.1
jhz,7.75
jia,8.13
jib,7.34
jic,6.27
jid,6.32
jie,9.41
jif,7.94
jig,7.34
jih,6.61
jii,9.3
jij,8.68
jik,8.57
jil,6.01
jim,8.49
jin,6.31
jio,6.31
jip,7.78
jiq,9.82
jir,5.2
jis,7.12
jit,8.02
jiu,5.04
jiv,6.86
jiw,9.31
jix,7.23
jiy,7.34
jiz,5.38
jja,7.71
jjb,7.44
jjc,8.95
jjd,7.5
jje,5.69
jjf,7.96
jjg,7.94
jjh,5.29
jji,7.46
jjj,6.66
jjk,6.58
jjl,6.1
jjm,5.98
jjn,7.47
jjo,8.25
jjp,5.58
jjq,8.22
jjr,5.42
jjs,8.16
jjt,8.82
jju,8.94
jjv,8.81
jjw,9.46
jjx,6.81
jjy,6.83
jjz,7.4
jka,7.22
jkb,9.07
jkc,5.46
jkd,8.12
jke,9.37
jkf,5.65
jkg,7.9
jkh,5.22
jki,5.01
jkj,7.5
jkk,9.79
jkl,7.69
jkm,6.27
jkn,7.62
jko,5.95
jkp,9.76
jkq,5.64
jkr,9.23
jks,6.76
jkt,6.42
jku,8.16
jkv,6.23
jkw,8.49
jkx,9.96
jky,7.47
jkz,9.07
jla,5.47
jlb,6.94
jlc,5.42
jld,6.36
jle,8.56
jlf,5.79
jlg,8.95
jlh,7.41
jli,8.4
jlj,5.93
jlk,5.98
jll,7.05
jlm,7.73
jln,7.94
jlo,8.79
jlp,7.87
jlq,6.31
jlr,7.01
jls,5.88
jlt,7.94
jlu,6.6
jlv,7.45
jlw,6.73
jlx,6.46
jly,5.78
jlz,5.09
jma,8.38
jmb,7.69
jmc,7.74
jmd,7.64
jme,5.99
jmf,9.48
jmg,8.25
jmh,5.61
jmi,5.3
jmj,8.57
jmk,9.88
jml,6.06
jmm,8.58
jmn,5.23
jmo,9.72
jmp,8.36
jmq,9.61
jmr,6.11
jms,5.94
jmt,5.82
jmu,6.2
jmv,6.65
jmw,6.03
jmx,6.11
jmy,9.1
jmz,7.87
jna,9.92
jnb,9.44
jnc,9.55
jnd,7.23
jne,9.42
jnf,7.55
jng,8.96
jnh,8.87
jni,7.82
jnj,8.96
jnk,7.58
jnl,9.89
jnm,9.28
jnn,9.57
jno,5.21
jnp,9.36
jnq,5.82
jnr,6.41
jns,7.88
jnt,9.85
jnu,8.67
jnv,9.24
jnw,6.75
jnx,8.67
jny,7.69
jnz,6.39
joa,6.0
job,5.5
joc,6.6
jod,8.81
joe,7.68
jof,6.49
jog,6.71
joh,5.03
joi,8.21
joj,5.22
jok,7.42
jol,8.53
jom,8.25
jon,9.79
joo,8.86
jop,5.48
joq,6.79
jor,9.98
jos,7.3
jot,8.91
jou,7.9
jov,6.32
jow,9.5
jox,9.47
joy,5.07
joz,5.79
jpa,6.66
jpb,5.01
jpc,7.58
jpd,5.22
jpe,5.82
jpf,8.9
jpg,8.31
